id,title,authors,year,venue,type,doi,url,research_areas,featured
2023-a-decentralized-oracle-architecture-for,A Decentralized Oracle Architecture for a Blockchain-Based IoT Global Market,lorenzo-gigli|ivan-zyrianoff|federico-montori|ext:Cristiano Aguzzi|ext:Luca Roffia|marco-di-felice,2023,,journal,https://doi.org/10.1109/MCOM.007.2200906,,,0
2023-an-iot-toolchain-architecture-for-planni,"An IoT Toolchain Architecture for Planning, Running and Managing a Complete Condition Monitoring Scenario",federico-montori|ivan-zyrianoff|lorenzo-gigli|ext:Alessandro Calvio|ext:Riccardo Venanzi|ext:Simone Sindaco|luca-sciullo|ext:Federica Zonzini|ext:Matteo Zauli|ext:Nicola Testoni|ext:Alessandro Bertacchini|ext:Elisa Londero|ext:Enrico Alessi|marco-di-felice|luciano-bononi|ext:Paolo Bellavista|ext:Luca De Marchi|ext:Alessandro Marzani|ext:Paolo Azzoni|ext:Tullio Salmon Cinotti,2023,,journal,https://doi.org/10.1109/ACCESS.2023.3237971,,,0
2023-autonomic-faulty-node-replacement-in-uav,Autonomic Faulty Node Replacement in UAV-Assisted Wireless Sensor Networks: a Test-bed,leonardo-montecchiari|angelo-trotta|luciano-bononi|marco-di-felice|ext:Enrico Natalizio,2023,,conference,https://doi.org/10.1109/CCNC51644.2023.10059801,,,0
2023-designing-a-hybrid-push-pull-architectur,Designing a Hybrid Push-Pull Architecture for Mobile Crowdsensing using the Web of Things,luca-sciullo|federico-montori|ivan-zyrianoff|lorenzo-gigli|ext:Davide Tinti|marco-di-felice,2023,,conference,https://doi.org/10.1109/SMARTCOMP58114.2023.00081,,,0
2023-relativistic-digital-twin-bringing-the-i,Relativistic Digital Twin: Bringing the IoT to the Future,luca-sciullo|ext:Alberto De Marchi|angelo-trotta|federico-montori|luciano-bononi|marco-di-felice,2023,,preprint,https://doi.org/10.48550/arXiv.2301.07390,,,0
2023-texting-and-driving-recognition-leveragi,Texting and Driving Recognition leveraging the Front Camera of Smartphones,federico-montori|ext:Marco Spallone|ext:Luca Bedogni,2023,,conference,https://doi.org/10.1109/CCNC51644.2023.10060838,,,0
2023-the-caesar-project-for-the-asi-space-wea,The CAESAR Project for the ASI Space Weather Infrastructure,ext:Monica Laurenza|ext:Dario Del Moro|ext:Tommaso Alberti|ext:Roberto Battiston|ext:Simone Benella|ext:F. Benvenuto|ext:Francesco Berrilli|ext:Igor Bertello|ext:Bruna Bertucci|ext:L. Biasiotti|ext:Cristina Campi|ext:Vincenzo Carbone|ext:M. Casolino|ext:C. Cecchi Pestellini|ext:Federica Chiappetta|ext:I. Coco|ext:S. Colombo|ext:Giuseppe Consolini|ext:Raffaella D&apos|ext:Amicis|ext:Giancarlo De Gasperis|ext:Rossana De Marco|ext:Alfredo Del Corpo|ext:Piero Diego|ext:Valeria Di Felice|ext:L. Di Fino|ext:C. Di Geronimo|ext:F. Faldi|ext:Fabiana Ferrente|ext:C. Feruglio|ext:E. Fiandrini|ext:Fabrizio Fiore|ext:Raffaello Foldes|ext:Valerio Formato|ext:G. Francisco|ext:Fabio Giannattasio|ext:M. Giardino|ext:P. Giobbi|ext:Luca Giovannelli|ext:M. Giusti|ext:A. Gorgi|ext:B. Heilig|ext:Giulia Iafrate|ext:S. L. Ivanovski|ext:G. Jerse|ext:M. B. Korsos|ext:Fabio Lepreti|ext:D. Locci|ext:Carmelo Magnafico|ext:V. Mangano|ext:M. F. Marcucci|ext:M. Martucci|ext:Stefano Massetti|ext:G. Micela|ext:Anna Milillo|ext:R. Miteva|ext:M. Molinaro|ext:R. Mugatwala|ext:A. Mura|ext:G. Napoletano|ext:L. Narici|ext:Coralie Neubüser|ext:G. Nisticò|ext:M. Pauluzzi|ext:Alessandro Perfetti|ext:S. Perri|ext:Antonino Petralia|ext:Michael Pezzopane|ext:Mirko Piersanti|ext:Ermanno Pietropaolo|ext:Alessio Pignalberi|ext:C. Plainaki|ext:G. Polenta|ext:Leonardo Primavera|ext:Giulia Romoli|ext:M. Rossi|ext:Lucia Santarelli|ext:G. Santi Amantini|ext:Federico Siciliano|ext:G. Sindoni|ext:S. Spadoni|ext:Roberta Sparvoli|ext:M. Stumpo|ext:Nicola Tomassetti|ext:Roberta Tozzi|ext:Valerio Vagelli|ext:N. Vasantharaju|ext:Antonio Vecchio|ext:M. Vellante|ext:S. Vernetto|ext:Carlo Francesco Vigorito|ext:Matthew J. West|ext:Gaetano Zimbardo|ext:P. Zucca|ext:Francesca Zuccarello|ext:Paolo Zuccon,2023,,journal,https://doi.org/10.3390/rs15020346,,,0
2022-6g-to-take-the-digital-divide-by-storm-k,6G to Take the Digital Divide by Storm: Key Technologies and Trends to Bridge the Gap,ext:Chiara Suraci|ext:Sara Pizzi|federico-montori|marco-di-felice|ext:Giuseppe Araniti,2022,,journal,https://doi.org/10.3390/fi14060189,,,0
2022-a-hierarchical-architectural-model-for-i,A Hierarchical Architectural Model for IoT End-User Service Composition,federico-montori|ext:Vincenzo Armandi|ext:Luca Bedogni,2022,,conference,https://doi.org/10.1109/CCNC49033.2022.9700603,,,0
2022-iot-management-architecture,A Management Architecture for IoT Smart Solutions: Design and Implementation,ext:Dener Silva|alexandre-heideker|ivan-zyrianoff|ext:João H. Kleinschmidt|ext:Luca Roffia|ext:Juha-Pekka Soininen|carlos-alberto-kamienski,2022,Journal of Network and Systems Management,journal,https://doi.org/10.1007/s10922-022-09648-6,,iot-interoperability|condition-monitoring,1
2022-a-survey-on-the-web-of-things,A Survey on the Web of Things,luca-sciullo|lorenzo-gigli|federico-montori|angelo-trotta|marco-di-felice,2022,,journal,https://doi.org/10.1109/ACCESS.2022.3171575,,,0
2022-a-web-crowdsourcing-platform-for-territo,A Web Crowdsourcing Platform for Territorial Control in Smart Cities,ext:Andrea Pazienza|ext:Domenico Lofù|ext:Giampaolo Flace|ext:Marco Salzedo|ext:Pietro Noviello|ext:Eugenio Di Sciascio|ext:Felice Vitulano,2022,,conference,https://doi.org/10.1007/978-3-031-09917-5_25,,,0
2022-artifact-c3po-converter-of-open-api-spec,Artifact: C3PO - Converter of OPen API SPecification to WoT Objects,ivan-zyrianoff|lorenzo-gigli|federico-montori|ext:Cristiano Aguzzi|ext:Sebastian Kaebisch|marco-di-felice,2022,,conference,https://doi.org/10.1109/PerComWorkshops53856.2022.9767293,,,0
2022-blockchain-and-web-of-things-for-structu,Blockchain and Web of Things for Structural Health Monitoring Applications: A Proof of Concept,lorenzo-gigli|luca-sciullo|federico-montori|ext:Alessandro Marzani|marco-di-felice,2022,,conference,https://doi.org/10.1109/CCNC49033.2022.9700679,,,0
2022-bluetooth-mesh-technology-for-the-joint,Bluetooth Mesh Technology for the Joint Monitoring of Indoor Environments and Mobile Device Localization: A Performance Study,leonardo-montecchiari|angelo-trotta|luciano-bononi|marco-di-felice,2022,,conference,https://doi.org/10.1109/CCNC49033.2022.9700518,,,0
2022-cooperative-cellular-uav-to-everything-c,Cooperative Cellular UAV-to-Everything (C-U2X) communication based on 5G sidelink for UAV swarms,ext:Debashisha Mishra|angelo-trotta|ext:Emiliano Traversi|marco-di-felice|ext:Enrico Natalizio,2022,,journal,https://doi.org/10.1016/j.comcom.2022.06.001,,,0
2022-design-and-performance-evaluation-of-mob,Design and performance evaluation of mobile personal big data management system based on ICN,ext:Lijun Chen|luca-sciullo|angelo-trotta,2022,,journal,https://doi.org/10.1002/itl2.237,,,0
2022-guest-editorial-an-end-to-end-machine-le,Guest Editorial: An End-to-End Machine Learning Perspective on Industrial IoT,ext:Rita H. Wouhaybi|ext:Ravikumar Balakrishnan|ext:Navid Naderializadeh|ext:Ahmad Beirami|marco-di-felice|ext:Shadi A. Noghabi|ext:Anirudh Badam|ext:Shugong Xu,2022,,journal,https://doi.org/10.1109/MIOT.2022.9773141,,,0
2022-intelligence-at-the-iot-edge-activity-re,Intelligence at the IoT Edge: Activity Recognition with Low-Power Microcontrollers and Convolutional Neural Networks,ext:Alessandro Ghibellini|luciano-bononi|marco-di-felice,2022,,conference,https://doi.org/10.1109/CCNC49033.2022.9700665,,,0
2022-interoperability-and-scalability-trade-o,Interoperability and Scalability Trade-offs in Open IoT Platforms,ext:Dener Ottolini|ivan-zyrianoff|carlos-alberto-kamienski,2022,,conference,https://doi.org/10.1109/CCNC49033.2022.9700622,,,0
2022-iot-edge-caching-taxonomy-use-cases-and,"IoT Edge Caching: Taxonomy, Use Cases and Perspectives",ivan-zyrianoff|angelo-trotta|luca-sciullo|federico-montori|marco-di-felice,2022,,journal,https://doi.org/10.1109/IOTM.001.2200112,,,0
2022-joint-power-control-and-structural-healt,Joint Power Control and Structural Health Monitoring in Industry 40 Scenarios using Eclipse Arrowhead and Web of Things,ext:Carlo Puliafito|lorenzo-gigli|ivan-zyrianoff|federico-montori|ext:Antonio Virdis|ext:Stefano Di Pascoli|ext:Enzo Mingozzi|marco-di-felice,2022,,conference,https://doi.org/10.1109/ICPS51978.2022.9816975,,,0
2022-la-mqtt-location-aware-publish-subscribe,LA-MQTT: Location-aware Publish-subscribe Communications for the Internet of Things,federico-montori|lorenzo-gigli|luca-sciullo|marco-di-felice,2022,,journal,https://doi.org/10.1145/3529978,,,0
2022-location-contact-tracing-penetration-pri,"Location Contact Tracing: Penetration, Privacy, Position, and Performance",ext:Luca Bedogni|federico-montori|ext:Flora D. Salim,2022,,journal,https://doi.org/10.1145/3532669,,,0
2022-low-latency-anomaly-detection-on-the-edg,Low-Latency Anomaly Detection on the Edge-Cloud Continuum for Industry 40 Applications: the SEAWALL Case Study,ext:Lorenzo Bacchiani|ext:Giuseppe De Palma|luca-sciullo|ext:Mario Bravetti|marco-di-felice|ext:Maurizio Gabbrielli|ext:Gianluigi Zavattaro|ext:Roberto Della Penna,2022,,journal,https://doi.org/10.1109/IOTM.001.2200120,,,0
2022-quantitative-characterization-of-motor-c,Quantitative Characterization of Motor Control during Gait in Dravet Syndrome Using Wearable Sensors: A Preliminary Study,ext:Maria Cristina Bisi|ext:Roberto Di Marco|ext:Francesca Ragona|ext:Francesca Darra|ext:Marilena Vecchi|ext:Stefano Masiero|ext:Alessandra Del Felice|ext:Rita Stagni,2022,,journal,https://doi.org/10.3390/s22062140,,,0
2022-seamless-integration-of-restful-web-serv,Seamless Integration of RESTful Web Services with the Web of Things,ivan-zyrianoff|lorenzo-gigli|federico-montori|ext:Cristiano Aguzzi|ext:Sebastian Kaebisch|marco-di-felice,2022,,conference,https://doi.org/10.1109/PerComWorkshops53856.2022.9767531,,,0
2022-seawall-seamless-low-latency-cloud-platf,SEAWALL: Seamless Low Latency Cloud Platforms for the Industry 40,ext:Lorenzo Bacchiani|ext:Giuseppe De Palma|luca-sciullo|ext:Mario Bravetti|ext:Marco De Felice|ext:Maurizio Gabbrielli|ext:Gianluigi Zavattaro|ext:Roberto Della Penna|ext:Corrado Iorizzo|ext:Andrea Livaldi|ext:Luca Magnotta|ext:Mirko Orsini,2022,,conference,https://doi.org/10.1109/CIoT53061.2022.9766643,,,0
2022-the-1st-international-workshop-on-the-in,The 1st International Workshop on the Internet of Time-Critical Things (IoTime 2022),carlos-alberto-kamienski|ext:Dave Cavalcanti 0001|ext:Daniel M. Batista|ivan-zyrianoff|ext:Antonio Virdis,2022,,conference,https://doi.org/10.1109/WF-IoT54382.2022.10152076,,,0
2022-towards-smart-cities-for-tourism-the-pol,Towards Smart Cities for Tourism: the POLIS-EYE Project,ext:Alessandro Seravalli|ext:Mariaelena Busani|ext:Simone Venturi|ext:Arianna Brutti|ext:Carlo Petrovich|ext:Angelo Frascella|ext:Fabrizio Paolucci|marco-di-felice|ext:Michele Lombardi 0001|ext:Elena Bellodi|ext:Riccardo Zese|ext:Francesco Bertasi|ext:Elia Balugani|ext:Alket Cecaj|ext:Rita Gamberini|ext:Marco Mamei|ext:Marco Picone,2022,,conference,https://doi.org/10.1109/ISC255366.2022.9922095,,,0
2022-uhura-a-software-framework-for-swarm-man,Uhura: a Software Framework for Swarm Management in Multi-Radio Robotic Networks,leonardo-montecchiari|ext:Dario Albani|angelo-trotta|marco-di-felice|ext:Enrico Natalizio,2022,,conference,https://doi.org/10.1109/DCOSS54816.2022.00049,,,0
2022-wotwins-automatic-digital-twin-generator,WoTwins: Automatic Digital Twin Generator for the Web of Things,luca-sciullo|angelo-trotta|federico-montori|luciano-bononi|marco-di-felice,2022,,conference,https://doi.org/10.1109/WoWMoM54355.2022.00095,,,0
2021-a-toolchain-architecture-for-condition-m,A Toolchain Architecture for Condition Monitoring Using the Eclipse Arrowhead Framework,federico-montori|ivan-zyrianoff|lorenzo-gigli|ext:Riccardo Venanzi|ext:Simone Sindaco|ext:Cristiano Aguzzi|ext:Federica Zonzini|ext:Matteo Zauli|ext:Nicola Testoni|ext:Enrico Alessi|marco-di-felice|luciano-bononi|ext:Paolo Bellavista|ext:Luca De Marchi|ext:Tullio Salmon Cinotti,2021,,conference,https://doi.org/10.1109/IECON48115.2021.9589532,,,0
2021-age-related-differences-in-visual-p300-e,Age-related differences in visual P300 ERP during dual-task postural balance,ext:Stefano Tortora|ext:Maria Rubega|ext:Emanuela Formaggio|ext:Roberto Di Marco|ext:Stefano Masiero|ext:Emanuele Menegatti|ext:Luca Tonin|ext:Alessandra Del Felice,2021,,conference,https://doi.org/10.1109/EMBC46164.2021.9630088,,,0
2021-eeg-fractal-analysis-reflects-brain-impa,EEG Fractal Analysis Reflects Brain Impairment after Stroke,ext:Maria Rubega|ext:Emanuela Formaggio|ext:Franco Molteni|ext:Eleonora Guanziroli|ext:Roberto Di Marco|ext:Claudio Baracchini|ext:Mario Ermani|ext:Nick S. Ward|ext:Stefano Masiero|ext:Alessandra Del Felice,2021,,journal,https://doi.org/10.3390/e23050592,,,0
2021-erratum-to-wot-store-managing-resources,"Erratum to ""WoT Store: Managing resources and applications on the web of things""",luca-sciullo|lorenzo-gigli|angelo-trotta|marco-di-felice,2021,,journal,https://doi.org/10.1016/j.iot.2021.100402,,,0
2021-fractal-analysis-of-lower-back-accelerat,Fractal Analysis of Lower Back Acceleration Profiles in balance tasks,ext:Roberto Di Marco|ext:Maria Rubega|ext:Angelo Antonini|ext:Emanuela Formaggio|ext:Stefano Masiero|ext:Alessandra Del Felice,2021,,conference,https://doi.org/10.1109/EMBC46164.2021.9629870,,,0
2021-inform-a-tool-for-classification-and-sem,INFORM: A Tool for Classification and Semantic Annotation of IoT Datastreams,ext:Alireza Hassani|federico-montori|ext:Kewen Liao|ext:Pari Delir Haghighi|ext:Prem Prakash Jayaraman|ext:Dimitrios Georgakopoulos|ext:Matteo De Giosa|ext:Arkady B. Zaslavsky,2021,,conference,https://doi.org/10.1109/WF-IoT51360.2021.9594994,,,0
2021-interoperability-in-open-iot-platforms-w,Interoperability in Open IoT Platforms: WoT-FIWARE Comparison and Integration,ivan-zyrianoff|alexandre-heideker|luca-sciullo|carlos-alberto-kamienski|marco-di-felice,2021,,conference,https://doi.org/10.1109/SMARTCOMP52413.2021.00043,,,0
2021-investigating-the-chinese-postman-proble,Investigating the Chinese postman problem on a quantum annealer,ext:Ilaria Siloi|ext:Virginia Carnevali|ext:Bibek Pokharel|ext:Marco Fornari|ext:Rosa Di Felice,2021,,journal,https://doi.org/10.1007/s42484-020-00031-9,,,0
2021-iot-end-user-composition,IoT End-User Service Composition via a Visual Programming Interface,federico-montori|ext:Vincenzo Armandi|ext:Luca Bedogni,2021,IEEE SMARTCOMP,conference,https://doi.org/10.1109/SMARTCOMP52413.2021.00083,,iot-interoperability,0
2021-modeling-an-industrial-revolution-how-to,"Modeling an Industrial Revolution: How to Manage Large-Scale, Complex IoT Ecosystems?",ext:Géza Kulcsár|ext:Pál Varga|ext:Marek S. Tatara|federico-montori|ext:Michel A. Iñigo|ext:Gianvito Urgese|ext:Paolo Azzoni,2021,,conference,,https://ieeexplore.ieee.org/document/9464025,,0
2021-modron-a-scalable-and-interoperable-web,MODRON: A Scalable and Interoperable Web of Things Platform for Structural Health Monitoring,ext:Cristiano Aguzzi|lorenzo-gigli|luca-sciullo|angelo-trotta|ext:Federica Zonzini|ext:Luca De Marchi|marco-di-felice|ext:Alessandro Marzani|ext:Tullio Salmon Cinotti,2021,,conference,https://doi.org/10.1109/CCNC49032.2021.9369492,,,0
2021-next-generation-ieee-80211-wireless-loca,"Next generation IEEE 80211 Wireless Local Area Networks: Current status, future directions and open challenges",ext:Boris Bellalta|luciano-bononi|ext:Raffaele Bruno 0002|ext:Andreas Kassler,2021,,preprint,,https://arxiv.org/abs/2109.11770,,0
2021-performance-analysis-of-multi-hop-commun,Performance Analysis of Multi-hop Communication based on 5G Sidelink for Cooperative UAV Swarms,ext:Debashisha Mishra|angelo-trotta|marco-di-felice|ext:Enrico Natalizio,2021,,conference,https://doi.org/10.1109/MeditCom49071.2021.9647449,,,0
2021-railway-components-wear-a-smart-platform,Railway Components Wear: a Smart Platform for Full Traceability of Maintenance Activities,ext:Alessandro Massaro|ext:Emanuele Cannella|ext:Sergio Selicato|ext:Giovanni Dipierro|ext:Annamaria Saponaro|ext:Maria Giovanna Trotta|ext:Angelo Galiano 0001,2021,,conference,https://doi.org/10.1109/MetroInd4.0IoT51437.2021.9488486,,,0
2021-smart-spectrum-and-radio-resource-manage,Smart spectrum and radio resource management for future 5G networks,ext:Miguel López-Benítez|ext:Alessandro Raschellà|ext:Sara Pizzi|ext:Li Wang 0039|marco-di-felice|ext:Kaushik Roy Chowdhury,2021,,journal,https://doi.org/10.1016/j.comnet.2021.108089,,,0
2021-two-way-integration-of-service-oriented,Two-way Integration of Service-Oriented Systems-of-Systems with the Web of Things,ivan-zyrianoff|lorenzo-gigli|federico-montori|carlos-alberto-kamienski|marco-di-felice,2021,,conference,https://doi.org/10.1109/IECON48115.2021.9589619,,,0
2021-wot-micro-servient,WoT Micro Servient: Bringing the W3C Web of Things to Resource Constrained Edge Devices,luca-sciullo|ivan-zyrianoff|angelo-trotta|marco-di-felice,2021,IEEE SMARTCOMP,conference,https://doi.org/10.1109/SMARTCOMP52413.2021.00042,,iot-interoperability|edge-computing,1
2020-a-gps-free-flocking-model-for-aerial-mes,A GPS-Free Flocking Model for Aerial Mesh Deployments in Disaster-Recovery Scenarios,angelo-trotta|leonardo-montecchiari|marco-di-felice|luciano-bononi,2020,,journal,https://doi.org/10.1109/ACCESS.2020.2994466,,,0
2020-privacy-crowdsensing,A Privacy Preserving Framework for Rewarding Users in Opportunistic Mobile Crowdsensing,federico-montori|ext:Luca Bedogni,2020,IEEE PerCom Workshops,conference,https://doi.org/10.1109/PerComWorkshops48775.2020.9156133,,context-awareness,0
2020-airid-injecting-a-custom-rf-fingerprint,AirID: Injecting a Custom RF Fingerprint for Enhanced UAV Identification using Deep Learning,ext:Subhramoy Mohanti|ext:Nasim Soltani|ext:Kunal Sankhe|ext:Dheryta Jaisinghani|marco-di-felice|ext:Kaushik R. Chowdhury,2020,,conference,https://doi.org/10.1109/GLOBECOM42002.2020.9322561,,,0
2020-architecting-and-deploying-iot-smart-app,Architecting and Deploying IoT Smart Applications: A Performance-Oriented Approach,ivan-zyrianoff|alexandre-heideker|ext:Dener Silva|ext:João H. Kleinschmidt|ext:Juha-Pekka Soininen|ext:Tullio Salmon Cinotti|carlos-alberto-kamienski,2020,,journal,https://doi.org/10.3390/s20010084,,,0
2020-bee-drones-ultra-low-power-monitoring-sy,BEE-DRONES: Ultra low-power monitoring systems based on unmanned aerial vehicles and wake-up radio ground sensors,angelo-trotta|marco-di-felice|ext:Luca Perilli|ext:Eleonora Franchi Scarselli|ext:Tullio Salmon Cinotti,2020,,journal,https://doi.org/10.1016/j.comnet.2020.107425,,,0
2020-bringing-deterministic-industrial-networ,Bringing deterministic industrial networking to the W3C web of things with TSN and OPC UA,luca-sciullo|ext:Sushmit Bhattacharjee|ext:Matthias Kovatsch,2020,,conference,https://doi.org/10.1145/3410992.3410997,,,0
2020-clue-a-fast-parallel-clustering-algorith,CLUE: A Fast Parallel Clustering Algorithm for High Granularity Calorimeters in High-Energy Physics,ext:Marco Rovere|ext:Ziheng Chen|ext:Antonio Di Pilato|ext:Felice Pantaleo|ext:Chris Seez,2020,,journal,https://doi.org/10.3389/fdata.2020.591315,,,0
2020-delivering-iot-smart-services-through-co,"Delivering IoT Smart Services through Collective Awareness, Mobile Crowdsensing and Open Data",federico-montori|ext:Luca Bedogni|ext:Gianluca Iselli|luciano-bononi,2020,,conference,https://doi.org/10.1109/PerComWorkshops48775.2020.9156158,,,0
2020-desempenho-e-escalabilidade-de-plataform,Desempenho e Escalabilidade de Plataformas Livres de IoT,ext:Dener Silva|ivan-zyrianoff|alexandre-heideker|ext:João Henrique Kleinschmidt|carlos-alberto-kamienski,2020,,conference,https://doi.org/10.5753/sbrc.2020.12274,,,0
2020-design-and-performance-evaluation-of-a-l,Design and performance evaluation of a LoRa-based mobile emergency management system (LOCATE),luca-sciullo|angelo-trotta|marco-di-felice,2020,,journal,https://doi.org/10.1016/j.adhoc.2019.101993,,,0
2020-discovering-web-things-as-services-withi,Discovering Web Things as Services within the Arrowhead Framework,luca-sciullo|federico-montori|angelo-trotta|marco-di-felice|ext:Tullio Salmon Cinotti,2020,,conference,https://doi.org/10.1109/ICPS48405.2020.9274694,,,0
2020-focus-fog-computing-in-uas-software-defi,FOCUS: Fog Computing in UAS Software-Defined Mesh Networks,ext:Gokhan Secinti|angelo-trotta|ext:Subhramoy Mohanti|marco-di-felice|ext:Kaushik R. Chowdhury,2020,,journal,https://doi.org/10.1109/TITS.2019.2960305,,,0
2020-from-cloud-to-edge-seamless-software-mig,From Cloud to Edge: Seamless Software Migration at the Era of the Web of Things,ext:Cristiano Aguzzi|lorenzo-gigli|luca-sciullo|angelo-trotta|marco-di-felice,2020,,journal,https://doi.org/10.1109/ACCESS.2020.3045632,,,0
2020-industry-40-solutions-for-interoperabili,Industry 40 Solutions for Interoperability: a Use Case about Tools and Tool Chains in the Arrowhead Tools Project,ext:Riccardo Venanzi|federico-montori|ext:Paolo Bellavista|ext:Luca Foschini 0001,2020,,conference,https://doi.org/10.1109/SMARTCOMP50058.2020.00089,,,0
2020-inventory-management-through-mini-drones,Inventory Management through Mini-Drones: Architecture and Proof-of-Concept Implementation,ext:Davide Cristiani|ext:Filippo Bottonelli|angelo-trotta|marco-di-felice,2020,,conference,https://doi.org/10.1109/WoWMoM49955.2020.00060,,,0
2020-performance-evaluation-of-hybrid-crowdse,Performance evaluation of hybrid crowdsensing systems with stateful CrowdSenSim 20 simulator,federico-montori|ext:Luca Bedogni|ext:Claudio Fiandrino|ext:Andrea Capponi|luciano-bononi,2020,,journal,https://doi.org/10.1016/j.comcom.2020.07.021,,,0
2020-persistent-crowd-tracking-using-unmanned,Persistent Crowd Tracking Using Unmanned AerIal Vehicle Swarms: A Novel Framework for Energy and Mobility Management,angelo-trotta|ext:Ufuk Muncuk|marco-di-felice|ext:Kaushik R. Chowdhury,2020,,journal,https://doi.org/10.1109/MVT.2020.2982244,,,0
2020-special-issue-on-crowd-sensed-big-data-f,"Special issue on ""Crowd-sensed Big Data for Internet of Things Services""",ext:Luca Bedogni|ext:Salil S. Kanhere|ext:Hongyi Wu|luciano-bononi,2020,,journal,https://doi.org/10.1016/j.pmcj.2019.101110,,,0
2020-special-issue-on-wired-wireless-internet,Special Issue on Wired/Wireless Internet Communications conference (IFIP WWIC 2017),ext:Kaushik Roy Chowdhury|marco-di-felice|ext:Ibrahim Matta|ext:Bo Sheng,2020,,journal,https://doi.org/10.1016/j.comcom.2019.12.007,,,0
2020-structural-health-monitoring-and-prognos,Structural Health Monitoring and Prognostic of Industrial Plants and Civil Structures: A Sensor to Cloud Architecture,ext:Federica Zonzini|ext:Cristiano Aguzzi|lorenzo-gigli|luca-sciullo|ext:Nicola Testoni|ext:Luca De Marchi|marco-di-felice|ext:Tullio Salmon Cinotti|ext:Canio Mennuti|ext:Alessandro Marzani,2020,,journal,https://doi.org/10.1109/MIM.2020.9289069,,,0
2020-throughput-enhancement-in-uav-aided-wire,Throughput Enhancement in UAV-aided Wireless Sensor Networks via Wake-Up Radio Technology and Priority-based MAC Scheme,angelo-trotta|marco-di-felice|luciano-bononi|ext:Luca Perilli|ext:Eleonora Franchi Scarselli|ext:Tullio Salmon Cinotti,2020,,conference,https://doi.org/10.1109/WF-IoT48130.2020.9221487,,,0
2020-toolchain-modeling-comprehensive-enginee,Toolchain Modeling: Comprehensive Engineering Plans for Industry 40,ext:Géza Kulcsár|ext:Marek S. Tatara|federico-montori,2020,,conference,https://doi.org/10.1109/IECON43393.2020.9254855,,,0
2020-training-future-ict-engineers-in-the-fie,Training Future ICT Engineers in the Field of Accessibility and Usability: A Methodological Experience,ext:Maria Luisa Pertegal-Felices|ext:Diego Marcos-Jorquera|ext:Antonio Jimeno-Morenilla|ext:Raquel Gilar-Corbi|ext:Higinio Mora,2020,,journal,https://doi.org/10.1109/ACCESS.2020.2985077,,,0
2020-wot-store-managing-resources-and-applica,WoT Store: Managing resources and applications on the web of things,luca-sciullo|lorenzo-gigli|angelo-trotta|marco-di-felice,2020,,journal,https://doi.org/10.1016/j.iot.2020.100164,,,0
2019-a-novel-integrated-industrial-approach-w,A Novel Integrated Industrial Approach with Cobots in the Age of Industry 40 through Conversational Interaction and Computer Vision,ext:Andrea Pazienza|ext:Nicola Macchiarulo|ext:Felice Vitulano|ext:Antonio Fiorentini|ext:Marco Cammisa|ext:Leonardo Rigutini|ext:Ernesto Di Iorio|ext:Achille Globo|ext:Antonio Trevisi,2019,,conference,,https://ceur-ws.org/Vol-2481/paper55.pdf,,0
2019-an-industrial-iot-solution-for-evaluatin,An Industrial IoT Solution for Evaluating Workers' Performance Via Activity Recognition,ext:Abdur Rahim Mohammad Forkan|federico-montori|ext:Dimitrios Georgakopoulos|ext:Prem Prakash Jayaraman|ext:Ali Yavari|ext:Ahsan Morshed,2019,,conference,https://doi.org/10.1109/ICDCS.2019.00139,,,0
2019-bee-drones-energy-efficient-data-collect,BEE-DRONES: Energy-efficient Data Collection on Wake-Up Radio-based Wireless Sensor Networks,angelo-trotta|marco-di-felice|luciano-bononi|ext:Enrico Natalizio|ext:Luca Perilli|ext:Eleonora Franchi Scarselli|ext:Tullio Salmon Cinotti|ext:Roberto Canegallo,2019,,conference,https://doi.org/10.1109/INFCOMW.2019.8845046,,,0
2019-crowdsensim-20-a-stateful-simulation-pla,CrowdSenSim 20: a Stateful Simulation Platform for Mobile Crowdsensing in Smart Cities,federico-montori|ext:Emanuele Cortesi|ext:Luca Bedogni|ext:Andrea Capponi|ext:Claudio Fiandrino|luciano-bononi,2019,,conference,https://doi.org/10.1145/3345768.3355929,,,0
2019-delivering-iot-services-in-smart-cities,"Delivering IoT Services in Smart Cities and Environmental Monitoring through Collective Awareness, Mobile Crowdsensing and Open Data",,2019,,book,,http://amsdottorato.unibo.it/8957/,,0
2019-deploying-w3c-web-of-things-based-intero,Deploying W3C Web of Things-Based Interoperable Mash-up Applications for Industry 40: A Testbed,luca-sciullo|angelo-trotta|lorenzo-gigli|marco-di-felice,2019,,conference,https://doi.org/10.1007/978-3-030-30523-9_1,,,0
2019-e-fi-evasive-wi-fi-measures-for-survivin,E-Fi: Evasive Wi-Fi Measures for Surviving LTE within 5 GHz Unlicensed Band,ext:Carlos Bocanegra|ext:Takai Eddine Kennouche|ext:Zhengnan Li|ext:Lorenzo Favalli|marco-di-felice|ext:Kaushik R. Chowdhury,2019,,journal,https://doi.org/10.1109/TMC.2018.2849409,,,0
2019-imaiot-infrastructure-monitoring-agent-f,IMAIoT - Infrastructure Monitoring Agent for IoT: Um Agente Monitor de Infraestruturas para Ambientes de IoT,alexandre-heideker|ext:Dener Ottolini|ivan-zyrianoff|ext:João H. Kleinschmidt|carlos-alberto-kamienski,2019,,conference,https://doi.org/10.5753/sbrc_estendido.2019.7764,,,0
2019-indoor-location-services-through-multi-s,Indoor Location Services through Multi-Source Learning-based Radio Fingerprinting Techniques,luca-sciullo|angelo-trotta|marco-di-felice,2019,,conference,https://doi.org/10.1109/IWMN.2019.8805020,,,0
2019-linked-open-data-validity-a-technical-re,Linked Open Data Validity - A Technical Report from ISWS 2018,ext:Tayeb Abderrahmani Ghor|ext:Esha Agrawal|ext:Mehwish Alam|ext:Omar Alqawasmeh|ext:Claudia d&apos|ext:Amato|ext:Amina Annane|ext:Amr Azzam|ext:Andrew Berezovskyi|ext:Russa Biswas|ext:Mathias Bonduel|ext:Quentin Brabant|ext:Cristina-Iulia Bucur|ext:Elena Camossi|ext:Valentina Anita Carriero|ext:Shruthi Chari|ext:David Chaves-Fraga|ext:Fiorela Ciroku|ext:Michael Cochez|ext:Hubert Curien|ext:Vincenzo Cutrona|ext:Rahma Dandan|ext:Danilo Dessì|ext:Valerio Di Carlo|ext:Ahmed El Amine Djebri|ext:Marieke van Erp|ext:Faiq Miftakhul Falakh|ext:Alba Fernndez Izquierdo|ext:Giuseppe Futia|ext:Aldo Gangemi|ext:Simone Gasperoni|ext:Arnaud Grall|ext:Lars Heling|ext:Pierre Henri|ext:Noura Herradi|ext:Subhi Issa|ext:Samaneh Jozashoori|ext:Nyoman Juniarta|ext:Lucie-Aimée Kaffee|ext:Ilkcan Keles|ext:Prashant Khare|ext:Viktor Kovtun|ext:Valentina Leone|ext:Siying Li|ext:Sven Lieber|ext:Pasquale Lisena|ext:Tatiana Makhalova|ext:Ludovica Marinucci|ext:Thomas Minier|ext:Benjamin Moreau|ext:Alberto Moya Loustaunau|ext:Durgesh Nandini|ext:Sylwia Ozdowska|ext:Amanda Pacini de Moura|ext:Swati Padhee|ext:Guillermo Palma|ext:Pedro Del Pozo Jimnez|ext:Valentina Presutti|ext:Roberto Reda|ext:Ettore Rizza|ext:Henry Rosales-mndez|ext:Sebastian Rudolph|ext:Harald Sack|luca-sciullo|ext:Humasak Simanjuntak|ext:Carlo Stomeo|ext:Thiviyan Thanapalasingam|ext:Tabea Tietz|ext:Dalia Varanka|ext:Maria-Esther Vidal|ext:Michael Wolowyk|ext:Maximilian Zocholl,2019,,preprint,,http://arxiv.org/abs/1903.12554,,0
2019-permission-free-keylogging-through-touch,Permission-free Keylogging through Touch Events Eavesdropping on Mobile Devices,ext:Luca Bedogni|ext:Andrea Alcaras|luciano-bononi,2019,,conference,https://doi.org/10.1109/PERCOMW.2019.8730731,,,0
2019-polaritonic-neuromorphic-computing-outpe,Polaritonic neuromorphic computing outperforms linear classifiers,ext:Dario Ballarini|ext:Antonio Gianfrate|ext:Riccardo Panico|ext:Andrzej Opala|ext:Sanjib Ghosh|ext:Lorenzo Dominici|ext:Vincenzo Ardizzone|ext:Milena De Giorgi|ext:Giovanni Lerario|ext:Giuseppe Gigli|ext:Timothy C. H. Liew|ext:Michal Matuszewski|ext:Daniele Sanvitto,2019,,preprint,,http://arxiv.org/abs/1911.02923,,0
2019-practical-indoor-localization-via-smartp,Practical Indoor Localization via Smartphone Sensor Data Fusion Techniques: A Performance Study,ext:Stefano Traini|luca-sciullo|angelo-trotta|marco-di-felice,2019,,conference,https://doi.org/10.1109/CCNC.2019.8651859,,,0
2019-understanding-customer-satisfaction-with,Understanding Customer Satisfaction With Services by Leveraging Big Data: The Role of Services Attributes and Consumers' Cultural Background,ext:Marcello M. Mariani|ext:Giuseppe Di Fatta|marco-di-felice,2019,,journal,https://doi.org/10.1109/ACCESS.2018.2887300,,,0
2019-vehicular-route-identification-using-mob,Vehicular Route Identification Using Mobile Devices Integrated Sensors,ext:Luca Bedogni|luciano-bononi,2019,,conference,https://doi.org/10.1109/PERCOMW.2019.8730753,,,0
2019-wired-wireless-internet-communications-1,"Wired/Wireless Internet Communications - 17th IFIP WG 62 International Conference, WWIC 2019, Bologna, Italy, June 17-18, 2019, Proceedings",marco-di-felice|ext:Enrico Natalizio|ext:Raffaele Bruno 0001|ext:Andreas Kassler,2019,,editorship,https://doi.org/10.1007/978-3-030-30523-9,,,0
2019-wot-store-a-thing-and-application-manage,WoT Store: a Thing and Application Management Ecosystem for the W3C Web of Things,marco-di-felice|luca-sciullo|lorenzo-gigli|ext:Cristiano Aguzzi|ext:Luca Roffia|angelo-trotta|ext:Tullio Salmon Cinotti,2019,,preprint,,http://arxiv.org/abs/1910.04617,,0
2019-wot-store-enabling-things-and-applicatio,WoT Store: Enabling Things and Applications Discovery for the W3C Web of Things,luca-sciullo|ext:Cristiano Aguzzi|marco-di-felice|ext:Tullio Salmon Cinotti,2019,,conference,https://doi.org/10.1109/CCNC.2019.8651786,,,0
2018-a-collaborative-internet-of-things-archi,A Collaborative Internet of Things Architecture for Smart Cities and Environmental Monitoring,federico-montori|ext:Luca Bedogni|luciano-bononi,2018,,journal,https://doi.org/10.1109/JIOT.2017.2720855,,,0
2018-a-flexible-wireless-sensor-network-based,A Flexible Wireless Sensor Network Based on Ultra-Wide Band Technology for Ground Instability Monitoring,ext:Lorenzo Mucchi|ext:Sara Jayousi|ext:Alessio Martinelli|ext:Stefano Caputo|ext:Emanuele Intrieri|ext:Giovanni Gigli|ext:Teresa Gracchi|ext:Francesco Mugnai|ext:Massimiliano Favalli|ext:Alessandro Fornaciai|ext:Luca Nannipieri,2018,,journal,https://doi.org/10.3390/s18092948,,,0
2018-classification-and-annotation-of-open-in,Classification and Annotation of Open Internet of Things Datastreams,federico-montori|ext:Kewen Liao|ext:Prem Prakash Jayaraman|luciano-bononi|ext:Timos Sellis|ext:Dimitrios Georgakopoulos,2018,,conference,https://doi.org/10.1007/978-3-030-02925-8_15,,,0
2018-context-design-and-tracking-for-iot-base,Context Design and Tracking for IoT-Based Energy Management in Smart Cities,carlos-alberto-kamienski|ext:Fabrizio F. Borelli|ext:Gabriela Oliveira Biondi|ext:Isaac Pinheiro|ivan-zyrianoff|ext:Marc Jentsch,2018,,journal,https://doi.org/10.1109/JIOT.2017.2748037,,,0
2018-custom-dual-transportation-mode-detectio,Custom Dual Transportation Mode Detection by Smartphone Devices Exploiting Sensor Diversity,ext:Claudia Carpineti|ext:Vincenzo Lomonaco|ext:Luca Bedogni|marco-di-felice|luciano-bononi,2018,,preprint,,http://arxiv.org/abs/1810.05596,,0
2018-custom-dual-transportation-mode-detectio-2,Custom Dual Transportation Mode Detection By Smartphone Devices Exploiting Sensor Diversity,ext:Claudia Carpineti|ext:Vincenzo Lomonaco|ext:Luca Bedogni|marco-di-felice|luciano-bononi,2018,,conference,https://doi.org/10.1109/PERCOMW.2018.8480119,,,0
2018-dna-methylation-based-classification-of,DNA methylation-based classification of central nervous system tumours,ext:David Capper|ext:David T. W. Jones|ext:Martin Sill|ext:Volker Hovestadt|ext:Daniel Schrimpf|ext:Dominik Sturm|ext:Christian Koelsche|ext:Felix Sahm|ext:Lukas Chavez|ext:David E. Reuss|ext:Annekathrin Kratz|ext:Annika K. Wefers|ext:Kristin Huang|ext:Kristian W. Pajtler|ext:Leonille Schweizer|ext:Damian Stichel|ext:Adriana Olar|ext:Nils W. Engel|ext:Kerstin Lindenberg|ext:Patrick N. Harter|ext:Anne K. Braczynski|ext:Karl H. Plate|ext:Hildegard Dohmen|ext:Boyan K. Garvalov|ext:Roland Coras|ext:Annett Hölsken|ext:Ekkehard Hewer|ext:Melanie Bewerunge-Hudler|ext:Matthias Schick|ext:Roger Fischer|ext:Rudi Beschorner|ext:Jens Schittenhelm|ext:Ori Staszewski|ext:Khalida Wani|ext:Pascale Varlet|ext:Melanie Pages|ext:Petra Temming|ext:Dietmar Lohmann|ext:Florian Selt|ext:Hendrik Witt|ext:Till Milde|ext:Olaf Witt|ext:Eleonora Aronica|ext:Felice Giangaspero|ext:Elisabeth Rushing|ext:Wolfram Scheurlen|ext:Christoph Geisenberger|ext:Fausto J. Rodriguez|ext:Albert Becker|ext:Matthias Preusser|ext:Christine Haberler|ext:Rolf Bjerkvig|ext:Jane Cryan|ext:Michael Farrell|ext:Martina Deckert|ext:Jürgen Hench|ext:Stephan Frank|ext:Jonathan Serrano|ext:Kasthuri Kannan|ext:Aristotelis Tsirigos|ext:Wolfgang Brück|ext:Silvia Hofer|ext:Stefanie Brehmer|ext:Marcel Seiz-Rosenhagen|ext:Daniel Hänggi|ext:Volkmar Hans|ext:Stephanie Rozsnoki|ext:Jordan R. Hansford|ext:Patricia Kohlhof|ext:Bjarne W. Kristensen|ext:Matt Lechner|ext:Beatriz Lopes|ext:Christian Mawrin|ext:Ralf Ketter|ext:Andreas Kulozik|ext:Ziad Khatib|ext:Frank Heppner|ext:Arend Koch|ext:Anne Jouvet|ext:Catherine Keohane|ext:Helmut Mühleisen|ext:Wolf Mueller|ext:Ute Pohl|ext:Marco Prinz|ext:Axel Benner|ext:Marc Zapatka|ext:Nicholas G. Gottardo|ext:Pablo Hernáiz Driever|ext:Christof M. Kramm|ext:Hermann L. Müller|ext:Stefan Rutkowski|ext:Katja von Hoff|ext:Michael C. Frühwald|ext:Astrid Gnekow|ext:Gudrun Fleischhack|ext:Stephan Tippelt|ext:Gabriele Calaminus|ext:Camelia-Maria Monoranu|ext:Arie Perry|ext:Chris Jones|ext:Thomas S. Jacques|ext:Bernhard Radlwimmer|ext:Marco Gessi|ext:Torsten Pietsch|ext:Johannes Schramm|ext:Gabriele Schackert|ext:Manfred Westphal|ext:Guido Reifenberger|ext:Pieter Wesseling|ext:Michael Weller|ext:Vincent Peter Collins|ext:Ingmar Blümcke|ext:Martin Bendszus|ext:Jürgen Debus|ext:Annie Huang|ext:Nada Jabado|ext:Paul A. Northcott|ext:Werner Paulus|ext:Amar Gajjar|ext:Giles W. Robinson|ext:Michael D. Taylor 0002|ext:Zane Jaunmuktane|ext:Marina Ryzhova|ext:Michael Platten|ext:Andreas Unterberg|ext:Wolfgang Wick|ext:Matthias A. Karajannis|ext:Michel Mittelbronn|ext:Till Acker|ext:Christian Hartmann 0006|ext:Kenneth D. Aldape|ext:Ulrich Schüller|ext:Rolf Buslei|ext:Peter Lichter|ext:Marcel Kool|ext:Christel Herold-Mende|ext:David W. Ellison|ext:Martin Hasselblatt|ext:Matija Snuderl|ext:Sebastian Brandner|ext:Andrey Korshunov|ext:Andreas von Deimling|ext:Stefan M. Pfister,2018,,journal,https://doi.org/10.1038/nature26000,,,0
2018-dual-mode-wake-up-nodes-for-iot-monitori,Dual-Mode Wake-Up Nodes for IoT Monitoring Applications: Measurements and Algorithms,ext:Luca Bedogni|luciano-bononi|ext:Roberto Canegallo|ext:Fabio Carbone|marco-di-felice|ext:Eleonora Franchi Scarselli|federico-montori|ext:Luca Perilli|ext:Tullio Salmon Cinotti|angelo-trotta,2018,,conference,https://doi.org/10.1109/ICC.2018.8422173,,,0
2018-from-heterogeneous-sensor-networks-to-in,From Heterogeneous Sensor Networks to Integrated Software Services: Design and Implementation of a Semantic Architecture for the Internet of Things at ARCES@UNIBO,ext:Cristiano Aguzzi|ext:Francesco Antoniazzi|ext:Paolo Azzoni|luciano-bononi|ext:Francesco Brasini|ext:Roberto Canegallo|ext:Alfredo D&apos|ext:Elia|ext:Angelo De Lisa|marco-di-felice|ext:Eleonora Franchi|ext:Luca Perilli|ext:Luca Roffia|luca-sciullo|ext:Roberto Siagri|ext:Martina Verardi|ext:Tullio Salmon Cinotti,2018,,conference,https://doi.org/10.23919/FRUCT.2018.8588024,,,0
2018-intelligent-drone-swarm-for-search-and-r,Intelligent Drone Swarm for Search and Rescue Operations at Sea,ext:Vincenzo Lomonaco|angelo-trotta|ext:Marta Ziosi|ext:Juan de Dios Yáñez Ávila|ext:Natalia Díaz Rodríguez,2018,,preprint,,http://arxiv.org/abs/1811.05291,,0
2018-joint-coverage-connectivity-and-charging,"Joint Coverage, Connectivity, and Charging Strategies for Distributed UAV Networks",angelo-trotta|marco-di-felice|federico-montori|ext:Kaushik R. Chowdhury|luciano-bononi,2018,,journal,https://doi.org/10.1109/TRO.2018.2839087,,,0
2018-locate-a-lora-based-mobile-emergency-man,LOCATE: A LoRa-based mObile emergenCy mAnagement sysTEm,luca-sciullo|ext:Federico Fossemo|angelo-trotta|marco-di-felice,2018,,conference,https://doi.org/10.1109/GLOCOM.2018.8647177,,,0
2018-machine-to-machine-wireless-communicatio,"Machine-to-machine wireless communication technologies for the Internet of Things: Taxonomy, comparison and open issues",federico-montori|ext:Luca Bedogni|marco-di-felice|luciano-bononi,2018,,journal,https://doi.org/10.1016/j.pmcj.2018.08.002,,,0
2018-profiling-service-function-chaining-beha,Profiling Service Function Chaining Behavior for NFV Orchestration,alexandre-heideker|ivan-zyrianoff|carlos-alberto-kamienski,2018,,conference,https://doi.org/10.1109/ISCC.2018.8538657,,,0
2018-qos-based-mobility-system-for-autonomous,QoS-Based Mobility System for Autonomous Unmanned Aerial Vehicles Wireless Networks,angelo-trotta|luca-sciullo,2018,,conference,https://doi.org/10.1007/978-3-030-02931-9_19,,,0
2018-scalability-of-an-internet-of-things-pla,Scalability of an Internet of Things Platform for Smart Water Management for Agriculture,ivan-zyrianoff|alexandre-heideker|ext:Dener Silva|carlos-alberto-kamienski,2018,,conference,https://doi.org/10.23919/FRUCT.2018.8588086,,,0
2018-scalability-of-real-time-iot-based-appli,Scalability of Real-Time IoT-based Applications for Smart Cities,ivan-zyrianoff|ext:Fabrizio F. Borelli|ext:Gabriela Oliveira Biondi|alexandre-heideker|carlos-alberto-kamienski,2018,,conference,https://doi.org/10.1109/ISCC.2018.8538451,,,0
2018-the-curse-of-sensing-survey-of-technique,The Curse of Sensing: Survey of techniques and challenges to cope with sparse and dense data in mobile crowd sensing for Internet of Things,federico-montori|ext:Prem Prakash Jayaraman|ext:Ali Yavari|ext:Alireza Hassani|ext:Dimitrios Georgakopoulos,2018,,journal,https://doi.org/10.1016/j.pmcj.2018.06.009,,,0
2018-the-cuscus-simulator-for-distributed-net,The CUSCUS simulator for distributed networked control systems: Architecture and use-cases,ext:Nicola Roberto Zema|angelo-trotta|ext:Enrico Natalizio|marco-di-felice|luciano-bononi,2018,,journal,https://doi.org/10.1016/j.adhoc.2017.09.004,,,0
2018-the-need-of-multidisciplinary-approaches,The Need of Multidisciplinary Approaches and Engineering Tools for the Development and Implementation of the Smart City Paradigm,ext:Oreste Andrisano|ext:Ilaria Bartolini|ext:Paolo Bellavista|ext:Andrea Boeri|luciano-bononi|ext:Alberto Borghetti|ext:Armando Brath|ext:Giovanni Emanuele Corazza|ext:Antonio Corradi|ext:Stefano de Miranda|ext:Fabio Fava|ext:Luca Foschini 0001|ext:Giovanni Leoni 0002|ext:Danila Longo|ext:Michela Milano|ext:Fabio Napolitano|ext:Carlo Alberto Nucci|ext:Gianni Pasolini|ext:Marco Patella|ext:Tullio Salmon Cinotti|ext:Daniele Tarchi|ext:Francesco Ubertini|ext:Daniele Vigo,2018,,journal,https://doi.org/10.1109/JPROC.2018.2812836,,,0
2018-when-uavs-ride-a-bus-towards-energy-effi,When UAVs Ride A Bus: Towards Energy-efficient City-scale Video Surveillance,angelo-trotta|ext:Fabio D&apos|ext:Andreagiovanni|marco-di-felice|ext:Enrico Natalizio|ext:Kaushik Roy Chowdhury,2018,,conference,https://doi.org/10.1109/INFOCOM.2018.8485863,,,0
2018-wi-lo-wireless-indoor-localization-throu,WI-LO: Wireless indoor localization through multi-source radio fingerprinting,marco-di-felice|ext:Carlos Bocanegra|ext:Kaushik Roy Chowdhury,2018,,conference,https://doi.org/10.1109/COMSNETS.2018.8328212,,,0
2018-wifi-meets-barometer-smartphone-based-3d,WiFi Meets Barometer: Smartphone-Based 3D Indoor Positioning Method,ext:Igor Bisio|ext:Andrea Sciarrone|ext:Luca Bedogni|luciano-bononi,2018,,conference,https://doi.org/10.1109/ICC.2018.8422989,,,0
2018-wired-wireless-internet-communications-1,"Wired/Wireless Internet Communications - 16th IFIP WG 62 International Conference, WWIC 2018, Boston, MA, USA, June 18-20, 2018, Proceedings",ext:Kaushik Roy Chowdhury|marco-di-felice|ext:Ibrahim Matta|ext:Bo Sheng,2018,,editorship,https://doi.org/10.1007/978-3-030-02931-9,,,0
2017-a-software-architecture-for-generic-huma,A software architecture for generic human activity recognition from smartphone sensor data,ext:Alberto Testoni|marco-di-felice,2017,,conference,https://doi.org/10.1109/IWMN.2017.8078368,,,0
2017-achieving-iot-interoperability-through-a,Achieving IoT Interoperability through a Service Oriented In-Home Appliance,federico-montori|ext:Luca Bedogni|ext:Filippo Morselli|luciano-bononi,2017,,conference,https://doi.org/10.1109/GLOCOM.2017.8255044,,,0
2017-an-interdisciplinary-practical-for-multi,An Interdisciplinary Practical for Multimedia Engineering Students,ext:Diego Marcos-Jorquera|ext:Maria Luisa Pertegal-Felices|ext:Antonio Jimeno-Morenilla|ext:Raquel Gilar-Corbi,2017,,journal,https://doi.org/10.1109/TE.2016.2566606,,,0
2017-automotive-communications-in-lte-a-simul,Automotive Communications in LTE: A Simulation-Based Performance Study,federico-montori|ext:Marco Gramaglia|ext:Luca Bedogni|ext:Marco Fiore|ext:Farid Sheikh|luciano-bononi|ext:Andrea Vesco,2017,,conference,https://doi.org/10.1109/VTCFall.2017.8288297,,,0
2017-computer-vision-and-emg-based-handwritin,Computer Vision and EMG-Based Handwriting Analysis for Classification in Parkinson's Disease,ext:Claudio Loconsole|ext:Gianpaolo Francesco Trotta|ext:Antonio Brunetti|ext:Joseph Trotta|ext:Angelo Schiavone|ext:Sabina Ilaria Tatò|ext:Giacomo Losavio|ext:Vitoantonio Bevilacqua,2017,,conference,https://doi.org/10.1007/978-3-319-63312-1_43,,,0
2017-cuscus-an-integrated-simulation-architec,CUSCUS: An integrated simulation architecture for distributed networked control systems,ext:Nicola Roberto Zema|angelo-trotta|ext:Guillaume Sanahuja|ext:Enrico Natalizio|marco-di-felice|luciano-bononi,2017,,conference,https://doi.org/10.1109/CCNC.2017.7983121,,,0
2017-cuscus-communications-control-distribute,CUSCUS: CommUnicationS-control distributed simulator,ext:Nicola Roberto Zema|angelo-trotta|ext:Guillaume Sanahuja|ext:Enrico Natalizio|marco-di-felice|luciano-bononi,2017,,conference,https://doi.org/10.1109/CCNC.2017.7983185,,,0
2017-distributed-data-collection-control-in-o,Distributed Data Collection Control in Opportunistic Mobile Crowdsensing,federico-montori|ext:Luca Bedogni|luciano-bononi,2017,,conference,https://doi.org/10.1145/3127502.3127509,,,0
2017-dynamic-adaptive-video-streaming-on-hete,Dynamic Adaptive Video Streaming on Heterogeneous TVWS and Wi-Fi Networks,ext:Luca Bedogni|angelo-trotta|marco-di-felice|ext:Yue Gao 0001|ext:Xingjian Zhang|ext:Qianyun Zhang|ext:Fabio Malabocchia|luciano-bononi,2017,,journal,https://doi.org/10.1109/TNET.2017.2728320,,,0
2017-dynamic-segment-size-selection-in-http-b,Dynamic segment size selection in HTTP based adaptive video streaming,ext:Luca Bedogni|marco-di-felice|luciano-bononi,2017,,conference,https://doi.org/10.1109/INFCOMW.2017.8116456,,,0
2017-fly-and-recharge-achieving-persistent-co,Fly and recharge: Achieving persistent coverage using Small Unmanned Aerial Vehicles (SUAVs),angelo-trotta|marco-di-felice|ext:Kaushik R. Chowdhury|luciano-bononi,2017,,conference,https://doi.org/10.1109/ICC.2017.7996482,,,0
2017-indoor-use-of-gray-and-white-spaces-anot,Indoor Use of Gray and White Spaces: Another Look at Wireless Indoor Communication,ext:Luca Bedogni|ext:Fabio Malabocchia|marco-di-felice|luciano-bononi,2017,,journal,https://doi.org/10.1109/MVT.2016.2598414,,,0
2017-is-wifi-suitable-for-energy-efficient-io,Is WiFi suitable for energy efficient IoT deployments? A performance study,federico-montori|ext:Riccardo Contigiani|ext:Luca Bedogni,2017,,conference,https://doi.org/10.1109/RTSI.2017.8065943,,,0
2017-next-generation-public-safety-systems-ba,Next-Generation Public Safety Systems Based on Autonomous Vehicles and Opportunistic Communications,,2017,,book,,http://amsdottorato.unibo.it/8065/,,0
2017-performance-assessment-and-feasibility-a,Performance Assessment and Feasibility Analysis of IEEE 802154m Wireless Sensor Networks in TV Grayspaces,ext:Luca Bedogni|ext:Andreas Achtzehn|ext:Marina Petrova|ext:Petri Mähönen|luciano-bononi,2017,,journal,https://doi.org/10.1145/3021499,,,0
2017-the-sense-me-platform-infrastructure-les,The SENSE-ME platform: Infrastructure-less smartphone connectivity and decentralized sensing for emergency management,ext:Gianluca Aloi|ext:Orazio Briante|marco-di-felice|ext:Giuseppe Ruggeri|ext:Stefano Savazzi,2017,,journal,https://doi.org/10.1016/j.pmcj.2017.10.004,,,0
2017-towards-fast-flow-convergence-in-cogniti,Towards Fast Flow Convergence in Cognitive Radio Cellular Networks,ext:Fan Zhou 0008|marco-di-felice|ext:Benjamin Drozdenko|ext:Kaushik R. Chowdhury,2017,,conference,https://doi.org/10.1109/GLOCOM.2017.8254600,,,0
2016-a-co-simulation-platform-for-the-analysi,A co-simulation platform for the analysis of the impact of electromobility scenarios on the urban distribution network,federico-montori|ext:Alberto Borghetti|ext:Fabio Napolitano,2016,,conference,https://doi.org/10.1109/RTSI.2016.7740579,,,0
2016-a-mobile-phone-sensing-system-for-emerge,A mobile phone-sensing system for emergency management: The SENSE-ME platform,ext:Gianluca Aloi|marco-di-felice|ext:Giuseppe Ruggeri|ext:Stefano Savazzi,2016,,conference,https://doi.org/10.1109/RTSI.2016.7740558,,,0
2016-a-novel-approach-to-evaluate-blood-param,A novel approach to evaluate blood parameters using computer vision techniques,ext:Vitoantonio Bevilacqua|ext:Giovanni Dimauro|ext:Francescomaria Marino|ext:Antonio Brunetti|ext:Fabio Cassano|ext:Antonio Di Maio|ext:Enrico Nasca|ext:Gianpaolo Francesco Trotta|ext:Francesco Girardi|ext:Angelo Ostuni|ext:Attilio Guarini,2016,,conference,https://doi.org/10.1109/MeMeA.2016.7533760,,,0
2016-a-route-planner-service-with-recharging,A Route Planner Service with Recharging Reservation: Electric Itinerary with a Click,ext:Luca Bedogni|luciano-bononi|marco-di-felice|ext:Alfredo D&apos|ext:Elia|ext:Tullio Salmon Cinotti,2016,,journal,https://doi.org/10.1109/MITS.2016.2573418,,,0
2016-a-self-adapting-algorithm-based-on-atmos,A Self-Adapting Algorithm Based on Atmospheric Pressure to Localize Indoor Devices,ext:Luca Bedogni|ext:Fabio Franzoso|luciano-bononi,2016,,conference,https://doi.org/10.1109/GLOCOM.2016.7841545,,,0
2016-a-semantic-publish-subscribe-architectur,A Semantic Publish-Subscribe Architecture for the Internet of Things,ext:Luca Roffia|ext:Francesco Morandi|ext:Jussi Kiljander|ext:Alfredo D&apos|ext:Elia|ext:Fabio Vergari|ext:Fabio Viola|luciano-bononi|ext:Tullio Salmon Cinotti,2016,,journal,https://doi.org/10.1109/JIOT.2016.2587380,,,0
2016-an-integrated-simulation-framework-to-mo,An Integrated Simulation Framework to Model Electric Vehicle Operations and Services,ext:Luca Bedogni|luciano-bononi|marco-di-felice|ext:Alfredo D&apos|ext:Elia|ext:Randolf Mock|ext:Francesco Morandi|ext:Simone Rondelli|ext:Tullio Salmon Cinotti|ext:Fabio Vergari,2016,,journal,https://doi.org/10.1109/TVT.2015.2453125,,,0
2016-context-aware-android-applications-throu,Context-aware Android applications through transportation mode detection techniques,ext:Luca Bedogni|marco-di-felice|luciano-bononi,2016,,journal,https://doi.org/10.1002/wcm.2702,,,0
2016-electro-mobility-automation-through-the,Electro Mobility automation through the Arrowhead Framework,ext:Alfredo D&apos|ext:Elia|ext:Fabio Viola|federico-montori|ext:Paolo Azzoni|ext:Matteo Maiero,2016,,conference,https://doi.org/10.1109/IECON.2016.7793727,,,0
2016-enhancing-tv-white-spaces-database-with,Enhancing TV White-Spaces Database with Unmanned Aerial Scanning Vehicles (UASVs),angelo-trotta|ext:Luca Bedogni|marco-di-felice|luciano-bononi|ext:Enrico Natalizio,2016,,conference,https://doi.org/10.1145/2935620.2935621,,,0
2016-estimating-urban-mobility-with-open-data,Estimating urban mobility with open data: A case study in Bologna,ext:Valeria Caiati|ext:Luca Bedogni|luciano-bononi|ext:Francesco Ferrero|ext:Marco Fiore|ext:Andrea Vesco,2016,,conference,https://doi.org/10.1109/ISC2.2016.7580765,,,0
2016-from-brown-coal-to-a-rural-energy-landsc,From brown coal to a rural energy landscape - Orchestration of storage and electric mobility to foster decentralized energy management,ext:Alfredo D&apos|ext:Elia|marco-di-felice|ext:Luca Bedogni|ext:Mathias Duckheim|ext:Randolf Mock|ext:Tullio Salmon Cinotti,2016,,conference,https://doi.org/10.1109/RTSI.2016.7740578,,,0
2016-next-generation-ieee-80211-wireless-loca,"Next generation IEEE 80211 Wireless Local Area Networks: Current status, future directions and open challenges",ext:Boris Bellalta|luciano-bononi|ext:Raffaele Bruno 0001|ext:Andreas Kassler,2016,,journal,https://doi.org/10.1016/j.comcom.2015.10.007,,,0
2016-on-the-integration-of-heterogeneous-data,On the integration of heterogeneous data sources for the collaborative Internet of Things,federico-montori|ext:Luca Bedogni|luciano-bononi,2016,,conference,https://doi.org/10.1109/RTSI.2016.7740616,,,0
2016-sensquare-a-mobile-crowdsensing-architec,SenSquare: A mobile crowdsensing architecture for smart cities,federico-montori|ext:Luca Bedogni|ext:Alain Di Chiappari|luciano-bononi,2016,,conference,https://doi.org/10.1109/WF-IoT.2016.7845471,,,0
2016-the-emergency-direct-mobile-app-safety-m,The Emergency Direct Mobile App: Safety Message Dissemination over a Multi-Group Network of Smartphones using Wi-Fi Direct,marco-di-felice|ext:Luca Bedogni|luciano-bononi,2016,,conference,,http://dl.acm.org/citation.cfm?id=2989257,,0
2016-workshop-message-coral-2016,Workshop message: CORAL 2016,marco-di-felice|ext:Yue Frank Gao|ext:Luca Bedogni,2016,,conference,https://doi.org/10.1109/WoWMoM.2016.7523495,,,0
2015-16th-ieee-international-symposium-on-a-w,"16th IEEE International Symposium on A World of Wireless, Mobile and Multimedia Networks, WoWMoM 2015, Boston, MA, USA, June 14-17, 2015",luciano-bononi|ext:Guevara Noubir|ext:Victoria Manfredi,2015,,editorship,,https://ieeexplore.ieee.org/xpl/conhome/7152453/proceeding,,0
2015-accessing-spectrum-databases-using-inter,Accessing Spectrum Databases Using Interference Alignment in Vehicular Cognitive Radio Networks,ext:Abdulla K. Al-Ali|ext:Yifan Sun 0002|marco-di-felice|ext:Jarkko Paavola|ext:Kaushik R. Chowdhury,2015,,journal,https://doi.org/10.1109/TVT.2014.2318837,,,0
2015-connectivity-recovery-in-post-disaster-s,Connectivity recovery in post-disaster scenarios through Cognitive Radio swarms,angelo-trotta|marco-di-felice|ext:Luca Bedogni|luciano-bononi|ext:Fabio Panzieri,2015,,journal,https://doi.org/10.1016/j.comnet.2015.07.017,,,0
2015-context-aware-energy-efficiency-manageme,Context-aware energy efficiency management for smart buildings,carlos-alberto-kamienski|ext:Fabrizio F. Borelli|ext:Gabriela Oliveira Biondi|ext:Willian Rosa|ext:Isaac Pinheiro|ivan-zyrianoff|ext:Djamel Sadok|ext:Ferry Pramudianto,2015,,conference,https://doi.org/10.1109/WF-IoT.2015.7389139,,,0
2015-impact-of-interdisciplinary-research-on,"Impact of Interdisciplinary Research on Planning, Running, and Managing Electromobility as a Smart Grid Extension",ext:Alfredo D&apos|ext:Elia|ext:Fabio Viola|federico-montori|marco-di-felice|ext:Luca Bedogni|luciano-bononi|ext:Alberto Borghetti|ext:Paolo Azzoni|ext:Paolo Bellavista|ext:Daniele Tarchi|ext:Randolf Mock|ext:Tullio Salmon Cinotti,2015,,journal,https://doi.org/10.1109/ACCESS.2015.2499118,,,0
2015-on-3-dimensional-spectrum-sharing-for-tv,On 3-dimensional spectrum sharing for TV white and Gray Space networks,ext:Luca Bedogni|angelo-trotta|marco-di-felice,2015,,conference,https://doi.org/10.1109/WoWMoM.2015.7158139,,,0
2015-park-here-a-smart-parking-system-based-o,Park Here! a smart parking system based on smartphones' embedded sensors and short range Communication Technologies,ext:Rosario Salpietro|ext:Luca Bedogni|marco-di-felice|luciano-bononi,2015,,conference,https://doi.org/10.1109/WF-IoT.2015.7389020,,,0
2015-stem-net-how-to-deploy-a-self-organizing,STEM-NET: How to deploy a self-organizing network of mobile end-user devices for emergency communication,ext:Gianluca Aloi|ext:Luca Bedogni|luciano-bononi|ext:Orazio Briante|marco-di-felice|ext:Valeria Loscrì|ext:Pasquale Pace|ext:Fabio Panzieri|ext:Giuseppe Ruggeri|angelo-trotta,2015,,journal,https://doi.org/10.1016/j.comcom.2015.01.023,,,0
2015-whatif,WhatIF Application: Moving Electrically without an Electric Vehicle,ext:Luca Bedogni|luciano-bononi|marco-di-felice|ext:Alfredo D&apos|ext:Elia|ext:Tullio Salmon Cinotti,2015,ACM UbiComp/ISWC Adjunct,conference,https://doi.org/10.1145/2815347.2818725,,context-awareness,0
2014-a-collision-free-contention-protocol-bas,A Collision-Free Contention Protocol Based on Pulse/Tone Signals,ext:Marcos F. Caetano|ext:Jacir Luiz Bordim|ext:Luca Bedogni|luciano-bononi,2014,,conference,https://doi.org/10.1109/CANDAR.2014.54,,,0
2014-a-mobile-application-to-assist-electric,A Mobile Application to Assist Electric Vehicles' Drivers with Charging Services,ext:Luca Bedogni|luciano-bononi|ext:Alfredo D&apos|ext:Elia|marco-di-felice|ext:Simone Rondelli|ext:Tullio Salmon Cinotti,2014,,conference,https://doi.org/10.1109/NGMAST.2014.49,,,0
2014-cognitive-modulation-and-coding-scheme-a,Cognitive modulation and coding scheme adaptation for 80211n and 80211af networks,ext:Luca Bedogni|marco-di-felice|ext:Fabio Malabocchia|luciano-bononi,2014,,conference,https://doi.org/10.1109/GLOCOMW.2014.7063517,,,0
2014-dissemination-of-safety-messages-in-ieee,Dissemination of safety messages in IEEE 80211p/WAVE vehicular network: Analytical study and protocol enhancements,ext:Ali J. Ghandour|marco-di-felice|ext:Hassan Artail|luciano-bononi,2014,,journal,https://doi.org/10.1016/j.pmcj.2013.03.003,,,0
2014-distributed-mobile-femto-databases-for-c,Distributed Mobile Femto-Databases for Cognitive Access to TV White Spaces,ext:Luca Bedogni|marco-di-felice|angelo-trotta|luciano-bononi,2014,,conference,https://doi.org/10.1109/VTCFall.2014.6965941,,,0
2014-driving-without-anxiety-a-route-planner,Driving without anxiety: A route planner service with range prediction for the electric vehicles,ext:Luca Bedogni|luciano-bononi|ext:Alfredo D&apos|ext:Elia|marco-di-felice|ext:Marco Di Nicola|ext:Tullio Salmon Cinotti,2014,,conference,https://doi.org/10.1109/ICCVE.2014.7297541,,,0
2014-in-silico-identification-and-biological,In Silico Identification and Biological Evaluation of Novel Selective Serum/Glucocorticoid-Inducible Kinase 1 Inhibitors Based on the Pyrazolo-Pyrimidine Scaffold,ext:Francesco Ortuso|ext:Rosario Amato|ext:Anna Artese|ext:Lucia D&apos|ext:antona|ext:Giosuè Costa|ext:Cristina Talarico|ext:Francesco Gigliotti|ext:Cataldo Bianco|ext:Francesco Trapasso|ext:Silvia Schenone|ext:Francesca Musumeci|ext:Lorenzo Botta|ext:Nicola Perrotti|ext:Stefano Alcaro,2014,,journal,https://doi.org/10.1021/ci500235f,,,0
2014-indoor-communication-over-tv-gray-spaces,Indoor communication over TV gray spaces based on spectrum measurements,ext:Luca Bedogni|marco-di-felice|ext:Fabio Malabocchia|luciano-bononi,2014,,conference,https://doi.org/10.1109/WCNC.2014.6953057,,,0
2014-querying-spectrum-databases-and-improved,Querying spectrum databases and improved sensing for vehicular cognitive radio networks,ext:Abdulla K. Al-Ali|ext:Kaushik R. Chowdhury|marco-di-felice|ext:Jarkko Paavola,2014,,conference,https://doi.org/10.1109/ICC.2014.6883514,,,0
2014-self-organizing-aerial-mesh-networks-for,Self-organizing aerial mesh networks for emergency communication,marco-di-felice|angelo-trotta|ext:Luca Bedogni|ext:Kaushik Roy Chowdhury|luciano-bononi,2014,,conference,https://doi.org/10.1109/PIMRC.2014.7136429,,,0
2014-spontaneous-smartphone-networks-as-a-use,Spontaneous smartphone networks as a user-centric solution for the future internet,ext:Gianluca Aloi|marco-di-felice|ext:Valeria Loscrì|ext:Pasquale Pace|ext:Giuseppe Ruggeri,2014,,journal,https://doi.org/10.1109/MCOM.2014.6979948,,,0
2014-stem-net-an-evolutionary-network-archite,STEM-Net: an evolutionary network architecture for smart and sustainable cities,ext:Gianluca Aloi|ext:Luca Bedogni|marco-di-felice|ext:Valeria Loscrì|ext:Antonella Molinaro|ext:Enrico Natalizio|ext:Pasquale Pace|ext:Giuseppe Ruggeri|angelo-trotta|ext:Nicola Roberto Zema,2014,,journal,https://doi.org/10.1002/ett.2785,,,0
2014-the-paisa-corpus-of-italian-web-texts,The PAISÀ Corpus of Italian Web Texts,ext:Verena Lyding|ext:Egon Stemle|ext:Claudia Borghetti|ext:Marco Brunello|ext:Sara Castagnoli|ext:Felice Dell&apos|ext:Orletta|ext:Henrik Dittmann|ext:Alessandro Lenci|ext:Vito Pirrelli,2014,,conference,https://doi.org/10.3115/v1/W14-0406,,,0
2013-an-interoperable-architecture-for-mobile,An interoperable architecture for mobile smart services over the internet of energy,ext:Luca Bedogni|luciano-bononi|marco-di-felice|ext:Alfredo D&apos|ext:Elia|ext:Randolf Mock|federico-montori|ext:Francesco Morandi|ext:Luca Roffia|ext:Simone Rondelli|ext:Tullio Salmon Cinotti|ext:Fabio Vergari,2013,,conference,https://doi.org/10.1109/WoWMoM.2013.6583495,,,0
2013-cognitive-radio-vehicular-ad-hoc-network,"Cognitive Radio Vehicular Ad Hoc Networks: Design, Implementation, and Future Challenges",marco-di-felice|ext:Kaushik Roy Chowdhury|luciano-bononi,2013,,chapter,https://doi.org/10.1002/9781118511305.ch18,,,0
2013-device-characterization-and-cross-layer,Device characterization and cross-layer protocol design for RF energy harvesting sensors,ext:Prusayon Nintanavongsa|ext:Rahman Doost-Mohammady|marco-di-felice|ext:Kaushik R. Chowdhury,2013,,journal,https://doi.org/10.1016/j.pmcj.2012.09.004,,,0
2013-group-communication-on-highways-an-evalu,Group communication on highways: An evaluation study of geocast protocols and applications,marco-di-felice|ext:Luca Bedogni|luciano-bononi,2013,,journal,https://doi.org/10.1016/j.adhoc.2012.09.011,,,0
2013-improving-vehicular-safety-message-deliv,Improving vehicular safety message delivery through the implementation of a cognitive vehicular network,ext:Ali J. Ghandour|ext:Kassem Fawaz|ext:Hassan Artail|marco-di-felice|luciano-bononi,2013,,journal,https://doi.org/10.1016/j.adhoc.2013.06.005,,,0
2013-integrating-spectrum-database-and-cooper,Integrating Spectrum Database and Cooperative Sensing for Cognitive Vehicular Networks,marco-di-felice|ext:Ali J. Ghandour|ext:Hassan Artail|luciano-bononi,2013,,conference,https://doi.org/10.1109/VTCFall.2013.6692244,,,0
2013-interactions-of-large-scale-ev-mobility,Interactions of large scale EV mobility and virtual power plants,ext:Randolf Mock|ext:Tullio Salmon Cinotti|ext:Johannes Reinschke|luciano-bononi,2013,,conference,https://doi.org/10.7873/DATE.2013.347,,,0
2013-internet-of-things-a-process-calculus-ap,Internet of things: a process calculus approach,ext:Ivan Lanese|ext:Luca Bedogni|marco-di-felice,2013,,conference,https://doi.org/10.1145/2480362.2480615,,,0
2013-machine-to-machine-communication-over-tv,Machine-to-Machine Communication over TV White Spaces for Smart Metering Applications,ext:Luca Bedogni|angelo-trotta|marco-di-felice|luciano-bononi,2013,,conference,https://doi.org/10.1109/ICCCN.2013.6614149,,,0
2013-re-establishing-connectivity,Re-establishing network connectivity in post-disaster scenarios through mobile cognitive radio networks,angelo-trotta|marco-di-felice|ext:Luca Bedogni|luciano-bononi,2013,IEEE MedHocNet,conference,https://doi.org/10.1109/MedHocNet.2013.6767405,,autonomous-robotic-iot,0
2013-smartphones-stem-cells,Smartphones like stem cells: Cooperation and evolution for emergency communication in post-disaster scenarios,marco-di-felice|ext:Luca Bedogni|angelo-trotta|luciano-bononi|ext:Fabio Panzieri|ext:Giuseppe Ruggeri|ext:Gianluca Aloi|ext:Valeria Loscrì|ext:Pasquale Pace,2013,IEEE BlackSeaCom,conference,https://doi.org/10.1109/BlackSeaCom.2013.6623376,,autonomous-robotic-iot,0
2013-stem-mesh-self-organizing-mobile-cogniti,STEM-mesh: Self-organizing mobile cognitive radio network for disaster recovery operations,marco-di-felice|angelo-trotta|ext:Luca Bedogni|luciano-bononi|ext:Fabio Panzieri|ext:Giuseppe Ruggeri|ext:Valeria Loscrì|ext:Pasquale Pace,2013,,conference,https://doi.org/10.1109/IWCMC.2013.6583626,,,0
2013-stem-net-an-evolutionary-architecture-fo,STEM-Net: An evolutionary architecture for highly-reconfigurable wireless networks,ext:Gianluca Aloi|marco-di-felice|ext:Valeria Loscrì|ext:Enrico Natalizio|ext:Pasquale Pace|ext:Fabio Panzieri|ext:Giuseppe Ruggeri,2013,,conference,,https://ieeexplore.ieee.org/document/6633571/,,0
2013-tcp-crahn-a-transport-control-protocol-f,TCP CRAHN: A Transport Control Protocol for Cognitive Radio Ad Hoc Networks,ext:Kaushik R. Chowdhury|marco-di-felice|ext:Ian F. Akyildiz,2013,,journal,https://doi.org/10.1109/TMC.2012.59,,,0
2013-welcome-message-from-the-coral-2013-chai,Welcome message from the CORAL 2013 chairs,luciano-bononi|marco-di-felice|ext:Kaushik R. Chowdhury,2013,,conference,https://doi.org/10.1109/WoWMoM.2013.6583452,,,0
2013-xcharm-a-routing-protocol-for-multi-chan,XCHARM: A routing protocol for multi-channel wireless mesh networks,ext:Kaushik R. Chowdhury|marco-di-felice|luciano-bononi,2013,,journal,https://doi.org/10.1016/j.comcom.2013.07.001,,,0
2012-a-methodology-to-account-for-the-finger,A methodology to account for the finger interruptions in solar cell performance,ext:Raffaele De Rose|ext:Antonio Malomo|ext:Paolo Magnone|ext:Felice Crupi|ext:Giorgio Cellere|ext:Marco Martire|ext:Diego Tonini|ext:Enrico Sangiorgi,2012,,journal,https://doi.org/10.1016/j.microrel.2012.07.014,,,0
2012-by-train-or-by-car-detecting-the-user-s,By train or by car? Detecting the user's motion type through smartphone sensors data,ext:Luca Bedogni|marco-di-felice|luciano-bononi,2012,,conference,https://doi.org/10.1109/WD.2012.6402818,,,0
2012-collaboration-and-coordination-in-second,Collaboration and Coordination in Secondary Networks for Opportunistic Spectrum Access,ext:Wassim Jouini|marco-di-felice|luciano-bononi|ext:Christophe Moy,2012,,preprint,,http://arxiv.org/abs/1204.3005,,0
2012-distributed-computing-and-networking-13t,"Distributed Computing and Networking - 13th International Conference, ICDCN 2012, Hong Kong, China, January 3-6, 2012 Proceedings",luciano-bononi|ext:Ajoy Kumar Datta|ext:Stéphane Devismes|ext:Archan Misra,2012,,editorship,https://doi.org/10.1007/978-3-642-25959-3,,,0
2012-dysco-a-dynamic-spectrum-and-contention,DySCO: a dynamic spectrum and contention controlframework for enhanced broadcast communication invehicular networks,marco-di-felice|ext:Luca Bedogni|luciano-bononi,2012,,conference,https://doi.org/10.1145/2386995.2387011,,,0
2012-enhancing-the-performance-of-safety-appl,Enhancing the performance of safety applications in IEEE 80211p/WAVE Vehicular Networks,marco-di-felice|ext:Ali J. Ghandour|ext:Hassan Artail|luciano-bononi,2012,,conference,https://doi.org/10.1109/WoWMoM.2012.6263694,,,0
2012-modeling-and-simulation-of-wave-16094-ba,Modeling and simulation of WAVE 16094-based multi-channel vehicular ad hoc networks,ext:Ali J. Ghandour|marco-di-felice|luciano-bononi|ext:Hassan Artail,2012,,conference,https://doi.org/10.4108/icst.simutools.2012.247743,,,0
2012-on-the-impact-of-multi-channel-technolog,On the Impact of Multi-Channel Technology on Safety-Message Delivery in IEEE 80211p/16094 Vehicular Networks,marco-di-felice|ext:Ali J. Ghandour|ext:Hassan Artail|luciano-bononi,2012,,conference,https://doi.org/10.1109/ICCCN.2012.6289273,,,0
2012-smart-radios-for-smart-vehicles-cognitiv,Smart Radios for Smart Vehicles: Cognitive Vehicular Networks,marco-di-felice|ext:Rahman Doost-Mohammady|ext:Kaushik R. Chowdhury|luciano-bononi,2012,,journal,https://doi.org/10.1109/MVT.2012.2190177,,,0
2012-special-section-on-wireless-network-beha,Special section on wireless network behaviour and design,ext:Björn Landfeldt|luciano-bononi,2012,,journal,https://doi.org/10.1016/j.comcom.2012.08.022,,,0
2012-welcome-message-from-the-coral-2012-chai,Welcome message from the CORAL 2012 chairs,luciano-bononi|marco-di-felice|ext:Kaushik R. Chowdhury,2012,,conference,https://doi.org/10.1109/WoWMoM.2012.6263676,,,0
2011-adaptive-sensing-scheduling-and-spectrum,Adaptive Sensing Scheduling and Spectrum Selection in Cognitive Wireless Mesh Networks,marco-di-felice|ext:Kaushik R. Chowdhury|ext:Andreas J. Kassler|luciano-bononi,2011,,conference,https://doi.org/10.1109/ICCCN.2011.6006042,,,0
2011-cooperation-and-communication-in-cogniti,Cooperation and communication in Cognitive radio networks based on TV spectrum experiments,ext:Kaushik R. Chowdhury|ext:Rahman Doost-Mohammady|ext:Waleed Meleis|marco-di-felice|luciano-bononi,2011,,conference,https://doi.org/10.1109/WoWMoM.2011.5986378,,,0
2011-cooperative-spectrum-management-in-cogni,Cooperative spectrum management in cognitive Vehicular Ad Hoc Networks,marco-di-felice|ext:Kaushik R. Chowdhury|luciano-bononi,2011,,conference,https://doi.org/10.1109/VNC.2011.6117123,,,0
2011-dynamic-backbone-for-fast-information-de,Dynamic backbone for fast information delivery invehicular ad hoc networks: an evaluation study,marco-di-felice|ext:Luca Bedogni|luciano-bononi,2011,,conference,https://doi.org/10.1145/2069063.2069065,,,0
2011-end-to-end-protocols-for-cognitive-radio,End-to-end protocols for Cognitive Radio Ad Hoc Networks: An evaluation study,marco-di-felice|ext:Kaushik R. Chowdhury|ext:Wooseong Kim|ext:Andreas J. Kassler|luciano-bononi,2011,,journal,https://doi.org/10.1016/j.peva.2010.11.005,,,0
2011-enhancing-multi-hop-communication-over-m,Enhancing multi-hop communication over multi-radio multi-channel wireless mesh networks: A cross-layer approach,luciano-bononi|marco-di-felice|ext:Antonella Molinaro|ext:Sara Pizzi,2011,,journal,https://doi.org/10.1016/j.comcom.2010.12.002,,,0
2011-learning-with-the-bandit-a-cooperative-s,Learning with the Bandit: A Cooperative Spectrum Selection Scheme for Cognitive Radio Networks,marco-di-felice|ext:Kaushik R. Chowdhury|luciano-bononi,2011,,conference,https://doi.org/10.1109/GLOCOM.2011.6133755,,,0
2011-message-from-the-workshops-chairs,Message from the workshops chairs,luciano-bononi|ext:Albert Banchs,2011,,conference,https://doi.org/10.1109/WoWMoM.2011.5986137,,,0
2011-proceedings-of-the-14th-international-sy,"Proceedings of the 14th International Symposium on Modeling Analysis and Simulation of Wireless and Mobile Systems, MSWiM 2011, Miami, Florida, USA, October 31 - November 4, 2011",ext:Ahmed Helmy|ext:Björn Landfeldt|luciano-bononi,2011,,editorship,,,,0
2011-tp-urbanx-a-new-transport-protocol-for-c,TP-UrbanX - A new transport protocol for Cognitive Multi-Radio Mesh Networks,ext:Wooseong Kim|ext:Mario Gerla|ext:Andreas J. Kassler|marco-di-felice,2011,,conference,https://doi.org/10.1109/WoWMoM.2011.5986210,,,0
2011-urban-x-a-self-organizing-cognitive-wire,Urban-X: A Self-organizing Cognitive Wireless Mesh Network for Dense City Environments,ext:Wooseong Kim|ext:Andreas J. Kassler|marco-di-felice|ext:Mario Gerla|luciano-bononi,2011,,conference,https://doi.org/10.1007/978-3-642-21560-5_33,,,0
2010-analyzing-the-potential-of-cooperative-c,Analyzing the potential of cooperative Cognitive Radio technology on inter-vehicle communication,marco-di-felice|ext:Kaushik Roy Chowdhury|luciano-bononi,2010,,conference,https://doi.org/10.1109/WD.2010.5657770,,,0
2010-cognitive-multi-radio-mesh-networks-on-i,Cognitive Multi-Radio Mesh Networks on ISM bands: A cross-layer architecture,ext:Wooseong Kim|ext:Andreas J. Kassler|marco-di-felice|ext:Mario Gerla,2010,,conference,https://doi.org/10.1109/PCCC.2010.5682337,,,0
2010-computer-performance-engineering-7th-eur,"Computer Performance Engineering - 7th European Performance Engineering Workshop, EPEW 2010, Bertinoro, Italy, September 23-24, 2010 Proceedings",ext:Alessandro Aldini|ext:Marco Bernardo 0001|luciano-bononi|ext:Vittorio Cortellessa,2010,,editorship,https://doi.org/10.1007/978-3-642-15784-4,,,0
2010-coral-spectrum-aware-admission-policy-in,CORAL: Spectrum Aware Admission Policy in Cognitive Radio Mesh Networks,ext:Kaushik R. Chowdhury|marco-di-felice|luciano-bononi,2010,,conference,https://doi.org/10.1109/GLOCOM.2010.5683284,,,0
2010-fast-track-section-on-mobile-ad-hoc-and,"Fast Track section on ""Mobile Ad Hoc and Sensor Networks""",ext:Sajal K. Das 0001|luciano-bononi|ext:Archan Misra|ext:Chunming Qiao,2010,,journal,https://doi.org/10.1016/j.pmcj.2009.12.001,,,0
2010-learning-based-spectrum-selection-in-cog,Learning-Based Spectrum Selection in Cognitive Radio Ad Hoc Networks,marco-di-felice|ext:Kaushik Roy Chowdhury|ext:Cheng Wu|luciano-bononi|ext:Waleed Meleis,2010,,conference,https://doi.org/10.1007/978-3-642-13315-2_11,,,0
2010-routing-and-link-layer-protocol-design-f,Routing and Link Layer Protocol Design for Sensor Networks with Wireless Energy Transfer,ext:Rahman Doost|ext:Kaushik R. Chowdhury|marco-di-felice,2010,,conference,https://doi.org/10.1109/GLOCOM.2010.5683334,,,0
2010-special-issue-on-quality-of-service-and,"Special issue on ""quality of service and security in wireless and mobile networks""",luciano-bononi|ext:Hsiao-Hwa Chen,2010,,journal,https://doi.org/10.1002/wcm.883,,,0
2010-spectrum-management-of-cognitive-radio-u,Spectrum management of cognitive radio using multi-agent reinforcement learning,ext:Cheng Wu|ext:Kaushik R. Chowdhury|marco-di-felice|ext:Waleed Meleis,2010,,conference,,https://dl.acm.org/citation.cfm?id=1838199,,0
2010-the-connection-then-credit-flow-control,The Connection-Then-Credit Flow Control Protocol for Heterogeneous Multicore Systems-on-Chip,ext:Nicola Concer|luciano-bononi|ext:Michael Soulie|ext:Riccardo Locatelli|ext:Luca P. Carloni,2010,,journal,https://doi.org/10.1109/TCAD.2010.2048592,,,0
2010-urban-x-towards-distributed-channel-assi,Urban-X: Towards distributed channel assignment in cognitive multi-radio mesh networks,ext:Wooseong Kim|ext:Andreas J. Kassler|marco-di-felice|ext:Mario Gerla,2010,,conference,https://doi.org/10.1109/WD.2010.5657733,,,0
2009-a-cross-layer-architecture-for-effective,A cross-layer architecture for effective channel assignment with load-balancing in multi-radio multi-path wireless mesh networks,luciano-bononi|marco-di-felice|ext:Antonella Molinaro|ext:Sara Pizzi,2009,,journal,https://doi.org/10.1002/dac.1022,,,0
2009-a-cross-layer-architecture-for-robust-vi,A cross-layer architecture for robust video streaming over multi-radio multi-channel wireless mesh networks,luciano-bononi|marco-di-felice|ext:Antonella Molinaro|ext:Sara Pizzi,2009,,conference,https://doi.org/10.1145/1641776.1641789,,,0
2009-a-cross-layer-architecture-for-service-d,A cross-layer architecture for service differentiation in multi-channel multi-radio Wireless Mesh Networks,luciano-bononi|marco-di-felice|ext:Antonella Molinaro|ext:Sara Pizzi,2009,,conference,https://doi.org/10.1109/ISWCS.2009.5285265,,,0
2009-a-fading-and-interference-aware-routing,A fading and interference aware routing protocol for multi-channel multi-radio wireless mesh networks,ext:Kaushik Roy Chowdhury|marco-di-felice|luciano-bononi,2009,,conference,https://doi.org/10.1145/1641876.1641878,,,0
2009-aequalized-a-novel-routing-algorithm-for,aEqualized: A novel routing algorithm for the Spidergon Network On Chip,ext:Nicola Concer|ext:Salvatore Iamundo|luciano-bononi,2009,,conference,https://doi.org/10.1109/DATE.2009.5090764,,,0
2009-ctc-an-end-to-end-flow-control-protocol,CTC: An end-to-end flow control protocol for multi-core systems-on-chip,ext:Nicola Concer|luciano-bononi|ext:Michael Soulie|ext:Riccardo Locatelli|ext:Luca P. Carloni,2009,,conference,https://doi.org/10.1109/NOCS.2009.5071467,,,0
2009-dba-mac-dynamic-backbone-assisted-medium,Dba-MAC: Dynamic Backbone-Assisted Medium Access Control Protocol for Efficient Broadcast in VANETs,luciano-bononi|marco-di-felice|ext:Sara Pizzi,2009,,journal,https://doi.org/10.1142/S0219265909002601,,,0
2009-joint-channel-assignment-and-multi-path,Joint Channel Assignment and Multi-path Routing for Multi-radio Wireless Mesh Networks,luciano-bononi|marco-di-felice|ext:Antonella Molinaro|ext:Sara Pizzi,2009,,conference,https://doi.org/10.1109/ICDCSW.2009.42,,,0
2009-modeling-and-performance-evaluation-of-t,Modeling and performance evaluation of transmission control protocol over cognitive radio ad hoc networks,marco-di-felice|ext:Kaushik Roy Chowdhury|luciano-bononi,2009,,conference,https://doi.org/10.1145/1641804.1641809,,,0
2009-proceedings-of-the-12th-international-sy,"Proceedings of the 12th International Symposium on Modeling Analysis and Simulation of Wireless and Mobile Systems, MSWiM 2009, Tenerife, Canary Islands, Spain, October 26-19, 2009",ext:Nael B. Abu-Ghazaleh|luciano-bononi|ext:Brahim Bensaou|ext:Violet R. Syrotiuk,2009,,editorship,,,,0
2009-real-time-traffic-in-ad-hoc-sensor-netwo,Real-Time Traffic in Ad-Hoc Sensor Networks,luciano-bononi|ext:Lorenzo Donatiello|ext:Marco Furini,2009,,conference,https://doi.org/10.1109/ICC.2009.5199394,,,0
2009-search-a-routing-protocol-for-mobile-cog,Search: A routing protocol for mobile cognitive radio ad-hoc networks,ext:Kaushik R. Chowdhury|marco-di-felice,2009,,journal,https://doi.org/10.1016/j.comcom.2009.06.011,,,0
2009-special-issue-on-performance-evaluation,"Special Issue on ""Performance Evaluation of Wireless Ad Hoc, Sensor and Ubiquitous Networks""",luciano-bononi|ext:Isabelle Guérin Lassous,2009,,journal,https://doi.org/10.1016/j.peva.2009.09.005,,,0
2009-tp-crahn-a-transport-protocol-for-cognit,TP-CRAHN: a Transport Protocol for Cognitive Radio Ad-Hoc Networks,ext:Kaushik R. Chowdhury|marco-di-felice|ext:Ian F. Akyildiz,2009,,conference,https://doi.org/10.1109/INFCOM.2009.5062176,,,0
2008-cross-layer-optimizations-in-multi-hop-a,Cross-layer optimizations in multi-hop ad hoc networks,,2008,,book,,http://amsdottorato.unibo.it/915/,,0
2008-cross-layered-mac-and-multipath-routing,Cross-Layered MAC and Multipath Routing Protocols in Multi-Hop Wireless Mobile Networks,luciano-bononi|marco-di-felice,2008,,journal,https://doi.org/10.1142/S0219265908002230,,,0
2008-future-channel-reservation-medium-access,Future channel reservation medium access control (FCR-MAC) protocol for multi-radio multi-channel wireless mesh networks,marco-di-felice|ext:Guomei Zhu|luciano-bononi,2008,,conference,https://doi.org/10.1145/1454609.1454625,,,0
2008-moves-a-framework-for-parallel-and-distr,MoVES: A framework for parallel and distributed simulation of wireless vehicular ad hoc networks,luciano-bononi|marco-di-felice|ext:Gabriele D&apos|ext:Angelo|ext:Michele Bracuto|ext:Lorenzo Donatiello,2008,,journal,https://doi.org/10.1016/j.comnet.2007.09.015,,,0
2008-proceedings-of-the-5th-acm-international,"Proceedings of the 5th ACM International Workshop on Performance Evaluation of Wireless Ad Hoc, Sensor, and Ubiquitous Networks, PE-WASUN 2008, Vancouver, British Columbia, Canada, October 27-28, 2008",luciano-bononi|ext:Isabelle Guérin Lassous,2008,,editorship,,,,0
2008-special-issue-on-mobility-management-and,"Special issue on ""Mobility Management and Wireless Access""",luciano-bononi|ext:Albert Y. Zomaya,2008,,journal,https://doi.org/10.1016/j.comcom.2008.01.002,,,0
2008-special-issue-on-resources-and-mobility,Special Issue on: 'Resources and mobility management in wireless networks',luciano-bononi|ext:Sotiris E. Nikoletseas,2008,,journal,https://doi.org/10.1002/wcm.576,,,0
2007-a-cross-layered-mac-and-clustering-schem,A Cross Layered MAC and Clustering Scheme for Efficient Broadcast in VANETs,luciano-bononi|marco-di-felice,2007,,conference,https://doi.org/10.1109/MOBHOC.2007.4428735,,,0
2007-intrusion-detection-for-secure-clusterin,Intrusion detection for secure clustering and routing in Mobile Multi-hop Wireless Networks,luciano-bononi|ext:Carlo Tacconi,2007,,journal,https://doi.org/10.1007/s10207-007-0035-9,,,0
2007-noc-topologies-exploration-based-on-mapp,NoC Topologies Exploration based on Mapping and Simulation Models,luciano-bononi|ext:Nicola Concer|ext:Miltos D. Grammatikakis|ext:Marcello Coppola|ext:Riccardo Locatelli,2007,,conference,https://doi.org/10.1109/DSD.2007.4341521,,,0
2007-q2swinet-07-proceedings-of-the-third-acm,"Q2SWinet'07 - Proceedings of the Third ACM Workshop on Q2S and Security for Wireless and Mobile Networks, Chania, Crete Island, Greece, October 22, 2007",ext:Hsiao-Hwa Chen|luciano-bononi,2007,,editorship,,,,0
2006-a-wireless-intrusion-detection-system-fo,A Wireless Intrusion Detection System for Secure Clustering and Routing in Ad Hoc Networks,luciano-bononi|ext:Carlo Tacconi,2006,,conference,https://doi.org/10.1007/11836810_29,,,0
2006-an-adaptive-load-balancing-middleware-fo,An Adaptive Load Balancing Middleware for Distributed Simulation,luciano-bononi|ext:Michele Bracuto|ext:Gabriele D&apos|ext:Angelo|ext:Lorenzo Donatiello,2006,,conference,https://doi.org/10.1007/11942634_89,,,0
2006-design-and-performance-evaluation-of-cro,Design and performance evaluation of cross layered MAC and clustering solutions for wireless ad hoc networks,luciano-bononi|marco-di-felice|ext:Lorenzo Donatiello|ext:Danilo Blasi|ext:Vincenzo Cacace|ext:Luca Casone|ext:Salvatore Rotolo,2006,,journal,https://doi.org/10.1016/j.peva.2006.05.007,,,0
2006-exploring-the-effects-of-hyper-threading,Exploring the Effects of Hyper-Threading on Parallel Simulation,luciano-bononi|ext:Michele Bracuto|ext:Gabriele D&apos|ext:Angelo|ext:Lorenzo Donatiello,2006,,conference,https://doi.org/10.1109/DS-RT.2006.18,,,0
2006-parallel-and-distributed-simulation-of-w,Parallel and distributed simulation of wireless vehicular ad hoc networks,luciano-bononi|marco-di-felice|ext:Marco Bertini|ext:Emidio Croci,2006,,conference,https://doi.org/10.1145/1164717.1164725,,,0
2006-performance-analysis-of-cross-layered-mu,Performance analysis of cross-layered multipath routing and MAC layer solutions for multi-hop ad hoc networks,luciano-bononi|marco-di-felice,2006,,conference,https://doi.org/10.1145/1164783.1164819,,,0
2006-proceedings-of-the-forth-acm-internation,"Proceedings of the Forth ACM International Workshop on Mobility Management & Wireless Access, MOBIWAC 2006, Terromolinos, Spain, October 2, 2006",ext:Albert Y. Zomaya|luciano-bononi,2006,,editorship,,,,0
2006-proximity-detection-in-distributed-simul,Proximity detection in distributed simulation of wireless mobile systems,luciano-bononi|ext:Michele Bracuto|ext:Gabriele D&apos|ext:Angelo|ext:Lorenzo Donatiello,2006,,conference,https://doi.org/10.1145/1164717.1164727,,,0
2006-simulation-and-analysis-of-network-on-ch,"Simulation and analysis of network on chip architectures: ring, spidergon and 2D mesh",luciano-bononi|ext:Nicola Concer,2006,,conference,https://doi.org/10.1109/DATE.2006.243841,,,0
2005-analysis-of-high-performance-communicati,Analysis of High Performance Communication and Computation Solutions for Parallel and Distributed Simulation,luciano-bononi|ext:Michele Bracuto|ext:Gabriele D&apos|ext:Angelo|ext:Lorenzo Donatiello,2005,,conference,https://doi.org/10.1007/11557654_74,,,0
2005-collision-avoidance-contention-control-a,"Collision Avoidance, Contention Control, and Power Saving in IEEE 80211 Wireless LANs",luciano-bononi|ext:Lorenzo Donatiello,2005,,chapter,https://doi.org/10.1201/9781420035094.ch25,,,0
2005-concurrent-replication-of-parallel-and-d,Concurrent Replication of Parallel and Distributed Simulations,luciano-bononi|ext:Michele Bracuto|ext:Gabriele D&apos|ext:Angelo|ext:Lorenzo Donatiello,2005,,conference,https://doi.org/10.1109/PADS.2005.6,,,0
2005-scalable-and-efficient-parallel-and-dist,"Scalable and Efficient Parallel and Distributed Simulation of Complex, Dynamic and Mobile Systems",luciano-bononi|ext:Michele Bracuto|ext:Gabriele D&apos|ext:Angelo|ext:Lorenzo Donatiello,2005,,conference,https://doi.org/10.1109/FIRB-PERF.2005.17,,,0
2004-a-differentiated-distributed-coordinatio,A differentiated distributed coordination function MAC protocol for cluster-based wireless ad hoc networks,luciano-bononi|ext:Luca Budriesi|ext:Danilo Blasi|ext:Vincenzo Cacace|ext:Luca Casone|ext:Salvatore Rotolo,2004,,conference,https://doi.org/10.1145/1023756.1023771,,,0
2004-a-new-adaptive-middleware-for-parallel-a,A New Adaptive Middleware for Parallel and Distributed Simulation of Dynamically Interacting Systems,luciano-bononi|ext:Michele Bracuto|ext:Gabriele D&apos|ext:Angelo|ext:Lorenzo Donatiello,2004,,conference,https://doi.org/10.1109/DS-RT.2004.3,,,0
2004-artis-a-parallel-and-distributed-simulat,ARTÌS: A Parallel and Distributed Simulation Middleware for Performance Evaluation,luciano-bononi|ext:Michele Bracuto|ext:Gabriele D&apos|ext:Angelo|ext:Lorenzo Donatiello,2004,,conference,https://doi.org/10.1007/978-3-540-30182-0_63,,,0
2004-performance-analysis-of-a-parallel-and-d,Performance analysis of a parallel and distributed simulation framework for large scale wireless systems,luciano-bononi|ext:Michele Bracuto|ext:Gabriele D&apos|ext:Angelo|ext:Lorenzo Donatiello,2004,,conference,https://doi.org/10.1145/1023663.1023676,,,0
2004-runtime-optimization-of-ieee-80211-wirel,Runtime Optimization of IEEE 80211 Wireless LANs Performance,luciano-bononi|ext:Marco Conti|ext:Enrico Gregori,2004,,journal,https://doi.org/10.1109/TPDS.2004.1264787,,,0
2003-a-novel-approach-for-distributed-simulat,A Novel Approach for Distributed Simulation of Wireless Mobile Systems,luciano-bononi|ext:Gabriele D&apos|ext:Angelo,2003,,conference,https://doi.org/10.1007/978-3-540-39867-7_76,,,0
2003-hla-based-adaptive-distributed-simulatio,HLA-based Adaptive Distributed Simulation of Wireless Mobile Systems,luciano-bononi|ext:Gabriele D&apos|ext:Angelo|ext:Lorenzo Donatiello,2003,,conference,https://doi.org/10.1109/PADS.2003.1207419,,,0
2001-a-distributed-mechanism-for-power-saving,A Distributed Mechanism for Power Saving in IEEE 80211 Wireless LANs,luciano-bononi|ext:Marco Conti|ext:Lorenzo Donatiello,2001,,journal,https://doi.org/10.1023/A:1011418531276,,,0
2001-a-simple-bayesian-multistage-interferenc,A simple Bayesian multistage interference canceller for multiuser detection in TDD-CDMA receivers,ext:Roberto Cusani|marco-di-felice|ext:José Mattila,2001,,journal,https://doi.org/10.1109/25.938569,,,0
2001-generic-uneven-level-protection-algorith,Generic uneven level protection algorithm for multimedia data transmission over packet-switched networks,ext:Adam H. Li|ext:Jay Fahlen|ext:Tao Tian|luciano-bononi|ext:So-Young Kim|ext:Jeong-Hoon Park|ext:John D. Villasenor,2001,,conference,https://doi.org/10.1109/ICCCN.2001.956286,,,0
2001-scheduling-reactive-task-graphs-in-embed,Scheduling Reactive Task Graphs in Embedded Control Systems,ext:Marco Di Natale|ext:Alberto L. Sangiovanni-Vincentelli|ext:Felice Balarin,2001,,conference,https://doi.org/10.1109/RTTAS.2001.929886,,,0
2000-design-and-performance-evaluation-of-a-d,Design and Performance Evaluation of a Distributed Contention Control (DCC) Mechanism for IEEE 80211 Wireless Local Area Networks,luciano-bononi|ext:Marco Conti|ext:Lorenzo Donatiello,2000,,journal,https://doi.org/10.1006/jpdc.1999.1612,,,0
2000-design-and-performance-evaluation-of-an,Design and Performance Evaluation of an Asymptotically Optimal Backoff Algorithm for IEEE 80211 Wireless LANs,luciano-bononi|ext:Marco Conti|ext:Enrico Gregori,2000,,conference,https://doi.org/10.1109/HICSS.2000.926987,,,0
2000-task-scheduling-with-rt-constraints,Task scheduling with RT constraints,ext:Marco Di Natale|ext:Alberto L. Sangiovanni-Vincentelli|ext:Felice Balarin,2000,,conference,https://doi.org/10.1145/337292.337551,,,0
1999-map-multiuser-detection-with-soft-interf,MAP multiuser detection with soft interference cancellation for UTRA-TDD receivers,ext:Roberto Cusani|ext:José Mattila|marco-di-felice,1999,,journal,https://doi.org/10.1007/BF02997758,,,0
1999-the-journal-of-high-energy-physics-scien,The Journal of High Energy Physics: Scientific Publishing on the Web,ext:Simona Cerrato|ext:Fabio A. Asnicar|ext:Paolo Dall&apos|ext:Aglio|ext:Amanda de Felice|ext:Massimo Di Fant|ext:Marco Mizzaro|ext:Fabrizio Nesti|ext:Maria Candusso|ext:Marino Miculan,1999,,conference,,,,0
1998-design-and-performance-evaluation-of-a-d,Design and Performance Evaluation of a Distributed Contention Control(DCC) Mechanism for IEEE 80211 Wireless Local Area Networks,luciano-bononi|ext:Marco Conti|ext:Lorenzo Donatiello,1998,,conference,https://doi.org/10.1145/288338.288378,,,0
